simulacao,caixa_final,quebrou
0,-390087.0252273279,True
1,524740.0118830196,False
2,658350.7398323724,False
3,40142.80621450157,False
4,-402769.8502525123,True
5,-178158.939226914,True
6,-251983.63071969606,True
7,-59855.69252001859,True
8,1468078.08607786,False
9,-421854.3693350679,True
10,-504126.39542953647,True
11,-453345.72090645164,True
12,364589.66762675776,False
13,166400.35112927362,False
14,-340332.5352519309,True
15,-375933.141218684,True
16,-419387.3035114961,True
17,-12419.525368402019,True
18,-216277.69710027045,True
19,526740.6583480833,False
20,1921260.9734272482,False
21,501647.84559112927,False
22,-136946.56041330812,True
23,878169.7388307335,False
24,-420072.6027104107,True
25,1159408.698923744,False
26,-45171.88137022377,True
27,-353604.187975757,True
28,-340653.3329842136,True
29,-409299.4598903168,True
30,268105.9670617933,False
31,171955.6654438233,False
32,-109945.24640371079,True
33,-234718.6097781886,True
34,-403384.3999618445,True
35,-444417.0522454453,True
36,-401973.4291277814,True
37,-351681.7922760598,True
38,-307013.52539853525,True
39,-304332.3996899469,True
40,782487.2626207708,False
41,-382040.6774980597,True
42,-242658.28124118302,True
43,2084202.547840678,False
44,456064.2937126316,False
45,-327986.7911918894,True
46,63969.6713294281,False
47,2291427.423935896,False
48,-294456.8227643802,True
49,996044.8325803821,False
50,-307127.81091324857,True
51,-476783.36047997227,True
52,95443.11056664678,False
53,-253941.9115017876,True
54,72296.40779067903,False
55,288870.8957992366,False
56,-258156.8035471895,True
57,-23909.592467625145,True
58,29200.153387922946,False
59,-215600.98070839435,True
60,-123417.5583083441,True
61,754675.9485753754,False
62,615407.9812778487,False
63,-251783.2964767026,True
64,593348.9583354646,False
65,-321938.19195449154,True
66,18551.662253900933,False
67,-457659.3855300191,True
68,737998.0022139902,False
69,-372709.8876186069,True
70,-295083.74280567054,True
71,-183022.1416902851,True
72,-544348.108393811,True
73,-340626.82261135447,True
74,1695857.318145235,False
75,-374610.6859686193,True
76,-322113.8474902017,True
77,-110325.11920085314,True
78,-161703.86169113568,True
79,-324378.0948335535,True
80,746499.5857371093,False
81,-53772.708150984705,True
82,-518264.7399252361,True
83,-392462.4545437261,True
84,524878.6048417351,False
85,331577.5243466998,False
86,-365517.2779009943,True
87,-190923.21524645446,True
88,295035.47605218936,False
89,-312827.45050095284,True
90,667355.956008891,False
91,-377558.27618768386,True
92,2839374.3882610076,False
93,109854.41434246428,False
94,2081473.5773967537,False
95,-468074.295332659,True
96,-344149.07450622605,True
97,-227065.22355504244,True
98,-79738.95786336108,True
99,718878.7679535409,False
100,2057884.1318962537,False
101,-392559.2706079313,True
102,-179217.5999019871,True
103,408424.79953578254,False
104,-426514.8778311169,True
105,-257375.29839103878,True
106,-228795.78571439112,True
107,-107410.17841093012,True
108,-353697.006797073,True
109,-238832.22546592116,True
110,243955.1551396152,False
111,-428705.4886728601,True
112,235856.55029060287,False
113,776434.0746105376,False
114,-339592.95109982457,True
115,-443273.936493357,True
116,-392431.3100610968,True
117,-336991.57639027457,True
118,-1322.134830837716,True
119,-324271.7348643799,True
120,669933.74787612,False
121,1745140.3167477562,False
122,430793.0358477385,False
123,1086198.9571573853,False
124,-392854.94706330873,True
125,-397483.2212994631,True
126,683324.1916372228,False
127,92005.59297340352,False
128,-80543.32105798509,True
129,-52948.30446360035,True
130,843942.8136875997,False
131,-5098.5339265885095,True
132,-351439.3167364374,True
133,-51008.38733309701,True
134,-60223.560921614175,True
135,-327810.5725940803,True
136,-49112.668849623515,True
137,-460282.02200025023,True
138,-246724.54211428852,True
139,-406465.4256059571,True
140,308169.145481507,False
141,176898.11930614253,False
142,278212.49012260884,False
143,-204700.53818262476,True
144,-404524.812209428,True
145,-389194.91302873427,True
146,94298.7078424043,False
147,-413029.28242856014,True
148,1656445.3553540478,False
149,856768.465936971,False
150,-317741.6830385784,True
151,-362283.3583773449,True
152,-172368.22614971094,True
153,-59926.02464578011,True
154,-248252.03344946608,True
155,1180677.425235992,False
156,-352453.1942578345,True
157,284057.79999241076,False
158,-404555.3630949837,True
159,420844.99299360253,False
160,-405403.1408299132,True
161,-474517.79305750545,True
162,-496611.793844767,True
163,-263874.171413484,True
164,-433040.56054724543,True
165,156504.89943874185,False
166,-368459.15647202387,True
167,755960.481989085,False
168,-434622.01137640286,True
169,-216538.22105965012,True
170,-211526.07069121383,True
171,-269603.9541373221,True
172,-40289.43866022913,True
173,-426341.2998324977,True
174,210614.98231549768,False
175,-434923.3566719844,True
176,-372425.93096687173,True
177,-325827.68830371444,True
178,1309988.6363216208,False
179,48773.192239650605,False
180,-99932.2922138407,True
181,-387755.10971739714,True
182,1549547.2821642207,False
183,-118653.84659331432,True
184,-253322.38701984458,True
185,1550207.072659678,False
186,367354.035695218,False
187,921222.0338070461,False
188,-210105.62971072603,True
189,-263994.3035042789,True
190,634754.6794876056,False
191,954565.8346620566,False
192,272661.2408387051,False
193,-180996.5179955292,True
194,-426060.96444342966,True
195,-200575.4056196322,True
196,-438842.65855247434,True
197,-414127.53560072975,True
198,175864.21030387477,False
199,-507793.198845714,True
200,224338.09103883037,False
201,-365714.42530711653,True
202,144913.56084563493,False
203,-498708.6532499499,True
204,-225198.65301173378,True
205,77116.96900968452,False
206,80358.17950153459,False
207,-171210.514646376,True
208,-375838.1531902909,True
209,-362610.1000314177,True
210,-181811.83598863787,True
211,-275835.13269305974,True
212,-440249.63144631276,True
213,-313332.0031057275,True
214,2117716.275993809,False
215,-304522.74460958596,True
216,2626113.789573116,False
217,-43586.398919322986,True
218,1858.4096486300846,True
219,-379199.11637974286,True
220,205221.75227254612,False
221,132227.76330384612,False
222,-405734.58234427345,True
223,-99050.67163588225,True
224,-213160.8662784267,True
225,815314.9460996154,False
226,-388707.26672799996,True
227,149198.48315631278,False
228,-32497.95293297132,True
229,1843453.2827403522,False
230,-222699.60329073676,True
231,-67175.22692338885,True
232,-197607.3903122995,True
233,661066.4617025823,False
234,-387944.379331504,True
235,39606.36398113158,False
236,-363116.7321332773,True
237,-27757.96166054973,True
238,-243215.68120263377,True
239,-362469.35563011206,True
240,-417036.61073789955,True
241,2845149.261555988,False
242,-435114.52366216615,True
243,-209405.08756944304,True
244,2000.0,False
245,-48678.70672059864,True
246,-222492.0716419325,True
247,-210022.27303665376,True
248,111774.13054062008,False
249,1047624.11869491,False
250,394269.85343937395,False
251,-2823.320064217519,True
252,-419379.99931259395,True
253,2000.0,False
254,1136398.6840128652,False
255,1147376.3304788026,False
256,-169966.71701234832,True
257,-113308.16804698134,True
258,-405471.1195737638,True
259,-105952.80469417988,True
260,304647.67350094154,False
261,-288700.96781267197,True
262,1668800.7657189232,False
263,-142297.65513790637,True
264,198543.1743658879,False
265,-382085.2458450201,True
266,-478004.96283258015,True
267,-215035.07783158903,True
268,-327443.3029071978,True
269,160962.3276015484,False
270,454360.8145239327,False
271,-456383.01713631244,True
272,-132788.4025810106,True
273,-100396.85496019345,True
274,368242.2851312689,False
275,-81244.13840862972,True
276,698209.4916570786,False
277,793334.3598940986,False
278,-117633.17973153843,True
279,-232875.50331284676,True
280,-212412.79946788258,True
281,253718.14108870958,False
282,205333.00181811213,False
283,454441.25527663686,False
284,-316763.6660375909,True
285,74641.26589033654,False
286,-290788.6944444352,True
287,497743.86867373047,False
288,-208499.94879576302,True
289,-225455.14224510686,True
290,-174468.0887217623,True
291,-63702.85214687016,True
292,-343071.27901232126,True
293,-44796.66607417288,True
294,1999.9999999999995,True
295,-360779.4542482586,True
296,-386822.6437990239,True
297,-344598.6333851128,True
298,1604731.8191205808,False
299,-356578.7600204599,True
300,-404714.97053768305,True
301,103940.23235145952,False
302,130686.78760613098,False
303,150882.4892634789,False
304,-151446.72982186076,True
305,307118.3898654666,False
306,-53907.11847038846,True
307,338650.0751168284,False
308,364673.328466038,False
309,-410609.18393767154,True
310,224572.27582472956,False
311,-27298.162289880056,True
312,2902025.713461378,False
313,-287040.8296738428,True
314,-426653.3545815832,True
315,-500846.0153854235,True
316,-250324.9955323966,True
317,1371453.7005857767,False
318,-379378.9387437033,True
319,-388761.2044864333,True
320,855625.9954215231,False
321,-36135.3745900208,True
322,428327.68813078676,False
323,-180656.89279723694,True
324,-199224.12102094013,True
325,11291.917792557173,False
326,157916.36686587325,False
327,1046053.8301005955,False
328,-162560.07483562324,True
329,467879.14139926224,False
330,-244636.79704756552,True
331,-37411.65201138488,True
332,821708.9211776436,False
333,-441775.65367267444,True
334,286800.65702325053,False
335,-73072.22031306544,True
336,215376.867739192,False
337,-491600.8584728313,True
338,-119844.37394082597,True
339,-414872.28014972,True
340,-337082.0001318704,True
341,-395084.4618272049,True
342,288214.2065289819,False
343,-186607.72932009265,True
344,-302091.2036203227,True
345,-485818.34502024215,True
346,2899532.30798476,False
347,-398245.03766361147,True
348,1752144.891986515,False
349,-464968.2908426819,True
350,-372641.2558243127,True
351,-179967.57962004474,True
352,-340975.8308987276,True
353,789042.603690827,False
354,490949.33267004637,False
355,1444986.4346489254,False
356,-14953.373875169511,True
357,2298950.2242131373,False
358,457025.5935705988,False
359,-392604.1770481227,True
360,-379785.6039727545,True
361,72739.87525462675,False
362,-328912.1568103573,True
363,-457221.23347332526,True
364,-113718.50113247115,True
365,-55906.137570333565,True
366,240366.5277571967,False
367,-198278.4942239841,True
368,110516.21117830132,False
369,1654451.2857035657,False
370,-323991.6331174284,True
371,971109.3212128751,False
372,-167787.27645113147,True
373,-216254.7969240848,True
374,1082592.9854537542,False
375,-134746.25985749817,True
376,524994.7322715094,False
377,1471263.9898096046,False
378,2909813.3387213936,False
379,-144896.94555659583,True
380,-56887.94801733697,True
381,-391508.3946676618,True
382,-383361.88905103446,True
383,654136.9343261637,False
384,544422.0321467767,False
385,-322105.03960356815,True
386,-386294.0531238093,True
387,1024456.799821548,False
388,-162259.78104990482,True
389,-426097.67175514967,True
390,-413995.65721639124,True
391,-106159.90814618961,True
392,-436970.3304036748,True
393,376843.4088569329,False
394,-148503.87404448498,True
395,-463989.9381462703,True
396,-107020.25834679481,True
397,-113588.86588765722,True
398,553197.8433703879,False
399,-429233.9315836278,True
400,-479435.3683045744,True
401,-313399.6284257314,True
402,224307.0226915114,False
403,-349372.78965439205,True
404,340399.5976762591,False
405,-436827.6359234786,True
406,773124.2105991126,False
407,-77498.09952909412,True
408,-213370.22774875516,True
409,-227952.62160575704,True
410,-456782.0579659063,True
411,-370449.23688324075,True
412,187383.09945721604,False
413,-304967.5117245496,True
414,-208189.89134623305,True
415,-230138.67175326182,True
416,448889.1096193079,False
417,-404655.5865478121,True
418,-397253.4308864192,True
419,-64658.289710839505,True
420,2093337.7232582935,False
421,449031.65431196865,False
422,1514971.3343416767,False
423,-163619.07093887284,True
424,-47782.87940037704,True
425,-106980.45271179844,True
426,-339978.01376985013,True
427,2072979.294151334,False
428,-231551.46276651643,True
429,1921305.339107558,False
430,-233182.89866735184,True
431,-424615.70430270635,True
432,781070.4541158102,False
433,-86068.27236654522,True
434,-415829.64077572036,True
435,-28180.685881800793,True
436,-153408.44437066582,True
437,-208403.68837499685,True
438,-299508.6609888471,True
439,-79787.40553589602,True
440,395650.71827210166,False
441,-400173.6867553684,True
442,-143318.69819493406,True
443,-349077.91272769927,True
444,-393631.2102288223,True
445,3232.6026067688576,False
446,-229392.51278756757,True
447,326643.5221062756,False
448,-163913.27017131043,True
449,630347.4466289763,False
450,352615.930498975,False
451,739620.5037110124,False
452,-368479.83133001893,True
453,-112554.20186590032,True
454,-216101.82202140626,True
455,1346543.6967868512,False
456,-420143.2671637955,True
457,-160529.71660855907,True
458,-398780.4170990601,True
459,-340788.5806774811,True
460,262740.97150051,False
461,-77087.1298299657,True
462,398646.983625805,False
463,-237315.75232229708,True
464,1326505.2650082908,False
465,-17068.418564548036,True
466,242072.61738990535,False
467,-225743.66063114538,True
468,-61503.87788667879,True
469,-24076.324621527827,True
470,3004229.6192377117,False
471,-328730.3888170791,True
472,-277202.0793002181,True
473,-405831.392052835,True
474,369298.3631678354,False
475,-89902.83945394612,True
476,-158678.87160053337,True
477,-130788.91107477786,True
478,219355.9183971772,False
479,392100.1090815706,False
480,-155495.94080337955,True
481,-166943.1735581472,True
482,-292657.83084052836,True
483,259786.3546232155,False
484,-108355.22579551658,True
485,-309720.152447517,True
486,1494544.8707155315,False
487,-243855.00405782068,True
488,-137632.12205217112,True
489,-13259.919135202857,True
490,-404108.37834001926,True
491,-301958.67885345616,True
492,497241.14885150513,False
493,-441584.5324063894,True
494,2576648.8264068854,False
495,-340165.81426821905,True
496,2794040.857437549,False
497,190968.75764888016,False
498,219553.325640712,False
499,-459221.8227324271,True
500,2603230.0854543666,False
501,204411.8577552343,False
502,-247283.18509835447,True
503,-209929.27706492954,True
504,-122624.81885691945,True
505,829209.0514737177,False
506,-119307.47913380919,True
507,-179550.57915505016,True
508,-371163.4456284419,True
509,-226933.782256076,True
510,207712.03768788866,False
511,-316944.95742580795,True
512,-322609.3311703808,True
513,-235525.93200545493,True
514,-404255.287999833,True
515,75644.68834358126,False
516,-513539.4613073501,True
517,-48354.47730263845,True
518,-451211.9138228433,True
519,-408995.6344798968,True
520,1154983.032291179,False
521,82065.58374390636,False
522,112121.73599071818,False
523,385371.1124811117,False
524,-409828.7289765292,True
525,559767.9083757984,False
526,-299029.0675385522,True
527,687692.7315129036,False
528,555553.7288077646,False
529,-75586.55738684225,True
530,668544.4559926874,False
531,-70831.35570811183,True
532,-300739.93157169357,True
533,963070.6929041187,False
534,41435.037828138724,False
535,168670.0610973612,False
536,-134868.3830040482,True
537,594969.1239392372,False
538,31943.169515360685,False
539,-395415.08982884954,True
540,-506308.59338383924,True
541,-315738.95624863287,True
542,371744.70361403894,False
543,-332068.07470497413,True
544,200262.1960763327,False
545,114574.68776908121,False
546,2454209.1936969957,False
547,-48433.07769725642,True
548,-229687.052558654,True
549,742187.4955186223,False
550,1222521.6628750998,False
551,237916.8114501914,False
552,-239577.8599751314,True
553,214882.05133654678,False
554,-349718.17188633035,True
555,-345036.78299392824,True
556,-359703.13187231135,True
557,1290713.9519620491,False
558,546625.7734635917,False
559,296424.69847922813,False
560,1027858.6433800934,False
561,-251658.52297190062,True
562,1460362.3751741345,False
563,-192470.3060830463,True
564,378584.3417225783,False
565,-508221.5493613564,True
566,-384898.0889401425,True
567,-100481.29831534094,True
568,264039.00806036603,False
569,-178360.17945689216,True
570,-6015.473500155612,True
571,-263762.50959055,True
572,-440427.9497991548,True
573,28004.189417558337,False
574,-19298.69159329048,True
575,-148326.62857126218,True
576,-364168.59310450865,True
577,-381474.33648936625,True
578,43417.324511610794,False
579,-411342.5818116359,True
580,123083.50772774109,False
581,-22362.19864652686,True
582,-272720.8981384789,True
583,-413891.8850277906,True
584,1125701.3229433072,False
585,-374802.6802266542,True
586,35361.64834943911,False
587,-307062.2504773027,True
588,-31299.79023675328,True
589,-28829.551117853927,True
590,150584.34469694342,False
591,-68920.60055255416,True
592,-303970.91282416444,True
593,2103447.8520798963,False
594,-364826.5167965901,True
595,-457115.6531429483,True
596,-140078.8869868514,True
597,-29315.270591500805,True
598,-359938.2432419576,True
599,748919.1305270707,False
600,-314402.84971646836,True
601,-328493.7233695627,True
602,-445162.4642067106,True
603,381731.6022250582,False
604,1930968.897678254,False
605,-377693.40090234485,True
606,-282413.94573926873,True
607,-143702.58804659208,True
608,651108.7083187079,False
609,-112036.47243406321,True
610,-376280.91658386023,True
611,-267709.99355309753,True
612,1007680.204368162,False
613,33235.45617607572,False
614,-269577.4030015844,True
615,787550.2846779536,False
616,2451943.7666099784,False
617,-31548.267997350667,True
618,-20956.400866378703,True
619,609551.6706280041,False
620,-28722.775586766213,True
621,458010.753807479,False
622,-322375.59428962535,True
623,31105.204077384617,False
624,-163942.38282923677,True
625,-57081.63346270156,True
626,-333481.1303214864,True
627,-440558.5575893688,True
628,425980.59390642814,False
629,-192670.67467470662,True
630,-229231.0585407002,True
631,415186.11545067065,False
632,1816759.0363408902,False
633,-310500.1766721446,True
634,241376.1150772457,False
635,-416821.3279375078,True
636,1831420.477019646,False
637,-445204.2496252231,True
638,-386464.30139854865,True
639,-360802.01820110664,True
640,5769.896024775311,False
641,-362398.0567774954,True
642,-391049.4350362191,True
643,1149909.6479415349,False
644,-202653.51548584434,True
645,1121936.0371369524,False
646,-64829.09248472582,True
647,-269243.7069170088,True
648,-421190.04773121263,True
649,334024.88236413465,False
650,-219771.06804729707,True
651,-120794.29843862979,True
652,-213917.88192358974,True
653,-171737.28875004017,True
654,-153719.52906036473,True
655,-13591.08354134834,True
656,399676.7987524802,False
657,-278555.9070299653,True
658,-362763.6781433206,True
659,1309127.018754727,False
660,-301763.60388319945,True
661,-176774.01995533597,True
662,-345170.6715860293,True
663,-398408.07992826396,True
664,-84562.75002499492,True
665,-456864.020411328,True
666,-201705.42993426402,True
667,-303896.9860907572,True
668,698019.1117129205,False
669,-327724.9291609943,True
670,-198097.57056007042,True
671,2138931.8044255585,False
672,407276.29771712964,False
673,-95727.01112936198,True
674,-361963.1432162592,True
675,-121045.28937161609,True
676,-378157.9393947028,True
677,-193312.46418353057,True
678,449660.2412575947,False
679,-180100.05995926473,True
680,-318939.8769980126,True
681,-29914.750272047208,True
682,-472692.63623468677,True
683,-196594.09544017963,True
684,-337337.7927937812,True
685,70142.73333860129,False
686,-279516.2156364652,True
687,-243880.19774059916,True
688,-147260.7584549785,True
689,640165.7705169568,False
690,-174746.82294132345,True
691,-456476.22536017135,True
692,-111090.17529570343,True
693,-97816.64204772793,True
694,-308894.8709504296,True
695,-287869.27876363875,True
696,-338754.1783631365,True
697,174855.88614610804,False
698,-24983.253331050346,True
699,271232.86550856306,False
700,-126644.18916516175,True
701,34828.7297700216,False
702,-399851.82608202996,True
703,-354879.7774225706,True
704,-23120.455605979703,True
705,1293302.4613312418,False
706,-236889.22731804903,True
707,-367266.538377092,True
708,-345130.62088552624,True
709,-245979.03428555437,True
710,46063.760451455,False
711,-53094.752446870465,True
712,203307.99178484455,False
713,-332415.1654910783,True
714,-239756.4671614539,True
715,107967.72776179727,False
716,12646.2680311016,False
717,-122548.4198597281,True
718,346527.41829302814,False
719,-343002.9433034639,True
720,-429991.59035254765,True
721,746895.1059286399,False
722,772802.9828190405,False
723,556791.8402327506,False
724,102926.10216516479,False
725,198937.24400220424,False
726,1411536.310077875,False
727,-6312.415755975052,True
728,-433529.7722808248,True
729,124295.35832581285,False
730,-500907.4717611637,True
731,-245215.12135895912,True
732,437391.5512401039,False
733,2874652.3292605923,False
734,-278666.04090757685,True
735,-46969.217562612255,True
736,-394066.5484741322,True
737,1322701.86237123,False
738,412156.33371914696,False
739,528603.4540377727,False
740,2062409.510505071,False
741,-419439.7886865345,True
742,-91665.6903351582,True
743,-383763.10010894056,True
744,-434097.2361224807,True
745,-419673.67596914456,True
746,-343718.6277351491,True
747,383385.3864570517,False
748,-113694.09514852837,True
749,-98277.95346892504,True
750,-261877.78451755433,True
751,363828.4341432918,False
752,-373896.4174420375,True
753,-225993.7858749792,True
754,-30621.969168530894,True
755,5144.116448697334,False
756,-377887.7359093261,True
757,1118680.2607460117,False
758,-23041.99924049859,True
759,-304834.05567967385,True
760,-333143.63658686983,True
761,-197789.4357815511,True
762,1035975.273603439,False
763,1700798.1505886917,False
764,2059837.9366589799,False
765,1007284.8934452625,False
766,-413905.63623299985,True
767,-337416.69322634564,True
768,178068.7064664888,False
769,-125445.01147640096,True
770,1847836.7799340491,False
771,-344226.5690283806,True
772,261376.37271669655,False
773,-387519.3083160478,True
774,-489884.39032913634,True
775,390993.78648881067,False
776,-425474.8690435623,True
777,-372103.1563048811,True
778,-234318.62538897016,True
779,2064461.6600408715,False
780,-199225.82103495396,True
781,712162.3478982854,False
782,-378462.77141101414,True
783,525763.8777809753,False
784,-214353.96975934802,True
785,-411728.20314963633,True
786,171148.28420319367,False
787,-297472.9598941776,True
788,1669798.4095472484,False
789,-61922.70849305965,True
790,525022.1162696058,False
791,-297962.1539113189,True
792,40866.46503211755,False
793,1607621.128295223,False
794,-380563.8323265866,True
795,827759.3972632203,False
796,-316025.7994946498,True
797,-111229.3316767392,True
798,-245456.8841824881,True
799,-188537.50136694484,True
800,-360129.4479804506,True
801,-38394.34298144943,True
802,68299.1975378056,False
803,1151786.3431496588,False
804,533025.6531187495,False
805,-325228.8934629164,True
806,-359783.3536554065,True
807,-410498.4566975736,True
808,531398.5155338714,False
809,522806.42307072383,False
810,-358594.98275141773,True
811,-163914.80230996892,True
812,-304540.6569891804,True
813,3068.4355997808448,False
814,1805123.532533736,False
815,-434788.8941742586,True
816,2808492.274379315,False
817,1300331.5038985026,False
818,1480088.491773569,False
819,-388824.40489128703,True
820,187614.37256625117,False
821,-167339.34183641174,True
822,-134594.39800283514,True
823,254719.64780295445,False
824,602518.5449676999,False
825,-306933.5674675185,True
826,-257301.42009720323,True
827,605951.8510527208,False
828,376151.9256195209,False
829,1238231.2569909042,False
830,47212.08478216333,False
831,-265781.72097470943,True
832,664638.9446886659,False
833,-206841.09112277091,True
834,139800.19446187234,False
835,-423710.0663828951,True
836,974764.6279082573,False
837,-234696.30280160354,True
838,-209265.45353175752,True
839,-149833.62247256003,True
840,-55056.07171838828,True
841,78791.25763506022,False
842,671034.6626478006,False
843,-421831.21097011474,True
844,-318958.22031693155,True
845,-253896.05001084413,True
846,-290656.84603524394,True
847,-415931.5546495991,True
848,775443.7270763149,False
849,-82451.46732430533,True
850,150018.28107175208,False
851,364437.92287806765,False
852,-348720.0507459919,True
853,2862453.0534976856,False
854,196253.6666594044,False
855,970.9062287757706,True
856,1591978.9752638317,False
857,-418085.73689361115,True
858,-83760.63855501542,True
859,-357886.92562567425,True
860,-350994.9715636364,True
861,-308361.1170526902,True
862,1973782.9007343212,False
863,-179776.2398725995,True
864,-317932.44768429943,True
865,506604.6880984958,False
866,561665.7429874941,False
867,-238860.92025712074,True
868,461078.4408895726,False
869,333294.30904232553,False
870,-47605.19010206092,True
871,990480.540560777,False
872,-403886.1260949344,True
873,526779.2901746293,False
874,-366743.01301111194,True
875,526505.5732537186,False
876,-28771.759330369576,True
877,-366872.8177049479,True
878,617831.9071435886,False
879,454905.4729591725,False
880,-414392.7524152056,True
881,-358789.7130112961,True
882,-319994.96346651646,True
883,-277856.33552330383,True
884,-99816.0512972651,True
885,45050.75507250543,False
886,304646.5567787856,False
887,273663.10209118127,False
888,-187626.19119912566,True
889,-397932.8389581985,True
890,-37734.48506293222,True
891,-316675.1165487568,True
892,-434214.3232478943,True
893,2265259.555296744,False
894,416235.29242198204,False
895,-239263.63887763958,True
896,-469396.71655989904,True
897,-292836.34279743384,True
898,-249686.70616353367,True
899,-218797.07612385764,True
900,-384144.80752466567,True
901,-169451.61503266447,True
902,429783.8054844999,False
903,919603.2232267048,False
904,-382496.56362030393,True
905,1444794.116589349,False
906,-260579.00172552193,True
907,-416264.24641347345,True
908,-230276.5989012861,True
909,-62535.29447204963,True
910,-420443.1785964441,True
911,-113918.5828239512,True
912,2992461.7353872173,False
913,860526.1158728491,False
914,-452165.8318088273,True
915,-318827.8543734456,True
916,-295825.3315939504,True
917,665874.0896326412,False
918,-393806.16900507483,True
919,80236.74597574567,False
920,38043.43408515169,False
921,-419644.1821722235,True
922,-245066.69255886358,True
923,208408.13190629575,False
924,126029.03936142087,False
925,566613.2621154315,False
926,-441830.485177484,True
927,-269920.4249865713,True
928,-123455.78696342208,True
929,-191943.02366686982,True
930,856603.7855870207,False
931,-397973.3218978894,True
932,-261429.76137240807,True
933,-224738.38456918517,True
934,-118457.36757607288,True
935,-352004.0949626286,True
936,-292364.28914990224,True
937,1129908.2732424145,False
938,-430268.457135928,True
939,122035.2852515905,False
940,-384325.88859045296,True
941,-380742.6561096296,True
942,1045748.5297549443,False
943,-313281.9492290755,True
944,-306729.8427979427,True
945,509603.86484657245,False
946,400679.4935672545,False
947,-228062.80155730268,True
948,1677099.0513824637,False
949,864346.3060252392,False
950,-136745.52073857395,True
951,-386148.2969403721,True
952,211117.79534235864,False
953,-425882.9843706746,True
954,-415234.76868940645,True
955,-378948.0180863993,True
956,-178756.9211759478,True
957,-414618.2715101855,True
958,-257893.87791253653,True
959,-25423.31787315898,True
960,-227052.34311865675,True
961,-431902.401750939,True
962,-148145.56882231333,True
963,533380.8828504963,False
964,66555.29051088849,False
965,-313398.23811998445,True
966,-200114.70890719828,True
967,-421224.05869353417,True
968,1039110.9873758483,False
969,-123121.00596824451,True
970,-112590.26633626124,True
971,1154232.213734441,False
972,-241154.65794555025,True
973,-363551.6386786696,True
974,-128339.63782486593,True
975,2621626.241257062,False
976,301151.3714839311,False
977,32085.13941215875,False
978,802127.8286337352,False
979,-287659.51848086517,True
980,-409305.27025566157,True
981,-157100.31049463866,True
982,-173217.8391857358,True
983,626225.163513461,False
984,-393421.3712731063,True
985,-380388.3199473623,True
986,-183367.84628505568,True
987,185998.18421681412,False
988,-144727.66961254468,True
989,278055.17442470125,False
990,-145205.73248076747,True
991,-245909.04986205738,True
992,-43920.79115403552,True
993,-223112.55776344222,True
994,-426009.9000927977,True
995,588101.4908929538,False
996,180334.39885943383,False
997,-333820.87911563454,True
998,-118276.06657838306,True
999,-458683.82941205654,True
1000,361371.829979402,False
1001,394656.7256769782,False
1002,-405618.9497799107,True
1003,-125489.62149632307,True
1004,177345.02909813685,False
1005,360791.18980975373,False
1006,-123951.15996496868,True
1007,325120.65716387966,False
1008,763529.6814901626,False
1009,-299373.63041379413,True
1010,-459432.0074931806,True
1011,-291082.3013138011,True
1012,-364709.19219779846,True
1013,1400028.1573010487,False
1014,-161319.84267468817,True
1015,-239933.24048676674,True
1016,-303468.78322740825,True
1017,633117.6985825413,False
1018,-458071.5551550585,True
1019,132266.84732239667,False
1020,-383656.7745668232,True
1021,-348959.80036915874,True
1022,-59414.13725532172,True
1023,-131987.04529285745,True
1024,-418722.8362084782,True
1025,2806525.2836539433,False
1026,781031.8124166239,False
1027,-398372.07979203825,True
1028,-233741.7189629009,True
1029,325883.62311529974,False
1030,-373826.91475071764,True
1031,334016.8959977412,False
1032,409401.7507014184,False
1033,-169870.02485065188,True
1034,476534.4237608084,False
1035,335844.44843312865,False
1036,-76980.44378420454,True
1037,706221.8039089503,False
1038,-266398.708703487,True
1039,-467159.43329084245,True
1040,-217931.31484921585,True
1041,-224191.57512851065,True
1042,-14330.447882594011,True
1043,7920.355779115624,False
1044,-195553.1926091379,True
1045,198738.67346851766,False
1046,-429000.8608099235,True
1047,-349995.48918415373,True
1048,-327363.93978657934,True
1049,288690.89901227364,False
1050,-223236.97679074804,True
1051,-414962.9691644573,True
1052,84155.34767523293,False
1053,-242813.9687551351,True
1054,-298899.18215299404,True
1055,-216587.42344926548,True
1056,-149324.1090825664,True
1057,-448560.318763336,True
1058,-373405.27703169204,True
1059,-291774.40206690255,True
1060,-214161.21003437237,True
1061,705259.7661377015,False
1062,-242246.62723835246,True
1063,-60120.956592709204,True
1064,-205210.86328911394,True
1065,-440973.0518137211,True
1066,91289.75276283191,False
1067,378478.89950093377,False
1068,72395.41831975295,False
1069,-478002.03044025437,True
1070,-425004.3762385893,True
1071,-156436.5540123183,True
1072,-48980.03323246327,True
1073,166061.15180341646,False
1074,-367994.5843622536,True
1075,73989.45849131835,False
1076,1544501.8238020265,False
1077,248165.64184012273,False
1078,-239406.65749536775,True
1079,-115046.19236599299,True
1080,-455564.5978489666,True
1081,-191232.60043033166,True
1082,-336486.67822485836,True
1083,2693840.122678497,False
1084,365127.5715122398,False
1085,-203942.61227255815,True
1086,1489905.635827358,False
1087,76509.12893394181,False
1088,-336019.07924331224,True
1089,295794.43377687724,False
1090,-386584.57666838815,True
1091,439492.5217984353,False
1092,-409201.01041632047,True
1093,940940.0059344409,False
1094,469565.6279466918,False
1095,-382153.8417986203,True
1096,-315469.7185108898,True
1097,-453377.2932884401,True
1098,-217549.04571986396,True
1099,-84610.3114059045,True
1100,-383179.6565747999,True
1101,-247712.60436614614,True
1102,2788505.84384918,False
1103,-53743.688431652205,True
1104,91935.83360843938,False
1105,-92149.5636820448,True
1106,-295002.6670393566,True
1107,-231787.64975418895,True
1108,44442.935698865695,False
1109,-393206.60437006917,True
1110,-161796.83514082464,True
1111,-237343.61470730093,True
1112,2573670.39150144,False
1113,-245280.2484710509,True
1114,-355625.1074416919,True
1115,-408159.8754046241,True
1116,-35437.02748273339,True
1117,-83081.87181154315,True
1118,-61982.323681774185,True
1119,98994.81441968867,False
1120,238398.9932245105,False
1121,323379.2522311293,False
1122,-291306.4172501693,True
1123,259786.40320979187,False
1124,-56159.143367266,True
1125,-285287.8322205491,True
1126,554972.2735556817,False
1127,-246584.24728286892,True
1128,-259531.65513307057,True
1129,-172718.74604129433,True
1130,-384841.4814327601,True
1131,575444.386756911,False
1132,-374615.865503145,True
1133,-126878.5351971937,True
1134,-66745.22572157241,True
1135,-332451.5706518427,True
1136,45451.154165219385,False
1137,289064.46066119825,False
1138,-398847.6896640638,True
1139,27284.34467997423,False
1140,96910.4181579693,False
1141,-3609.740794399698,True
1142,-431464.0006645289,True
1143,375711.18111995916,False
1144,-288275.4820325114,True
1145,-337198.47819362616,True
1146,-350527.9834254767,True
1147,-367064.8974524681,True
1148,-290180.49264266045,True
1149,-317585.5351313083,True
1150,1218736.3626565349,False
1151,607963.5242629984,False
1152,-370638.3290111911,True
1153,-279469.0023681517,True
1154,-72315.46923807521,True
1155,110582.7381871417,False
1156,-141711.87790179916,True
1157,-153388.6610591772,True
1158,343009.14395570505,False
1159,-231600.29271552866,True
1160,399817.1755854593,False
1161,-344907.56380692363,True
1162,-220566.46711976203,True
1163,-62985.86061542015,True
1164,-239204.87897001914,True
1165,-507011.75941054214,True
1166,419867.9996693064,False
1167,-114291.18389365585,True
1168,-288580.7836418556,True
1169,-246689.09360199602,True
1170,-197359.66330690103,True
1171,-395267.8280940558,True
1172,-492736.83904040215,True
1173,-215592.78711334013,True
1174,-441698.3937340046,True
1175,-364706.01465961616,True
1176,-270709.10174550995,True
1177,821069.9560295203,False
1178,-139827.69163275737,True
1179,-371923.6109905671,True
1180,-123430.33124858329,True
1181,401919.1198284061,False
1182,-388402.29017089907,True
1183,439469.65417642804,False
1184,-321841.0275984343,True
1185,-190877.1658864744,True
1186,-298430.17306015483,True
1187,-159582.51232165395,True
1188,-407497.0588011812,True
1189,-191389.33732088062,True
1190,-385391.950201744,True
1191,-382666.98020221107,True
1192,-368982.9399581922,True
1193,834924.2910876173,False
1194,-137718.0812534927,True
1195,-320450.0394324593,True
1196,49875.33428888061,False
1197,-389885.2746347271,True
1198,737127.0272049762,False
1199,-318527.5559750175,True
1200,-377989.1481554256,True
1201,-300799.98117765685,True
1202,2383970.603556392,False
1203,-383926.1124119069,True
1204,-391526.60439909116,True
1205,1746962.4512308398,False
1206,-157364.22919188085,True
1207,-460063.3912503291,True
1208,1478703.4201795086,False
1209,-363253.7406697472,True
1210,2334834.070573432,False
1211,-159126.96025746057,True
1212,352064.3182067467,False
1213,2278112.3571660365,False
1214,19639.283032136816,False
1215,-336793.7833765449,True
1216,-61292.13808828029,True
1217,25909.108057830323,False
1218,454533.90320601163,False
1219,635527.4811955561,False
1220,-108713.31531098309,True
1221,-418068.16077398765,True
1222,-392212.42214457254,True
1223,-189240.78149618767,True
1224,305104.79795338534,False
1225,-78294.11135932931,True
1226,-456230.03773897927,True
1227,105259.50408943601,False
1228,-143186.9863713466,True
1229,-324366.52840757754,True
1230,976988.3195907009,False
1231,-372275.9705147545,True
1232,-391810.81363996,True
1233,-189521.51235514312,True
1234,-459656.04770590947,True
1235,-369940.09134677734,True
1236,-262590.8648093633,True
1237,1382505.288489212,False
1238,-269882.71599812043,True
1239,560169.5291179384,False
1240,513911.3898944272,False
1241,-7630.260057831691,True
1242,-484211.37127973157,True
1243,177550.218528442,False
1244,-143666.9186390189,True
1245,-398247.4308193459,True
1246,-431599.3368008014,True
1247,-269585.25697487814,True
1248,-156625.1141618095,True
1249,-491090.28075900435,True
1250,-361947.6378955433,True
1251,550559.4574588963,False
1252,-33983.905647466876,True
1253,-362866.0158325333,True
1254,-15140.124878313654,True
1255,-219963.13898586377,True
1256,-292743.9561258883,True
1257,-383609.7127891696,True
1258,273765.343274021,False
1259,182030.9860554612,False
1260,-17914.862738207725,True
1261,-262277.472939556,True
1262,437158.2630448728,False
1263,-63003.21707991666,True
1264,-23327.085983331774,True
1265,-383611.0283015857,True
1266,-87460.23353093276,True
1267,-88444.0539140119,True
1268,-279643.04809876706,True
1269,-398643.1023753814,True
1270,-400491.70486472046,True
1271,20295.536039144,False
1272,-310053.273608768,True
1273,-261761.87341237403,True
1274,140599.88009977146,False
1275,-220259.506714529,True
1276,470605.15918540943,False
1277,-245767.1033066372,True
1278,2224218.864519308,False
1279,-438912.2691455083,True
1280,-338507.31355814886,True
1281,2381065.766665174,False
1282,-422273.9911305791,True
1283,92130.70560573271,False
1284,-11269.120387354194,True
1285,1319742.592115079,False
1286,-395172.4465402136,True
1287,-247678.5198851634,True
1288,1109439.6680621149,False
1289,-367179.0505215309,True
1290,-386418.08838652505,True
1291,-456054.5330975447,True
1292,-354257.00572098506,True
1293,782463.3031190068,False
1294,-239666.07061016228,True
1295,127551.266909971,False
1296,2205537.264221054,False
1297,-306343.6152274978,True
1298,702047.8934421932,False
1299,-39470.62758453082,True
1300,-222193.02337172496,True
1301,-299525.2008781037,True
1302,-258247.80139927394,True
1303,-59082.46384678634,True
1304,-413248.1187181569,True
1305,-11781.18395212006,True
1306,165485.43674861404,False
1307,-516882.0190455974,True
1308,-460395.3067352246,True
1309,471419.7941406308,False
1310,658934.4965753971,False
1311,-346118.8864315492,True
1312,-135600.36124435568,True
1313,-372658.4308205924,True
1314,-300274.008019165,True
1315,-362473.7587090206,True
1316,101307.79052417098,False
1317,208849.24775513736,False
1318,-362497.11893989245,True
1319,-264327.2275253804,True
1320,16931.425192211682,False
1321,266982.2358732156,False
1322,-442545.4532868298,True
1323,-284500.1489274109,True
1324,-477801.47531235876,True
1325,358055.48357391753,False
1326,1797003.8226621537,False
1327,-226411.4886271269,True
1328,-482656.2484945692,True
1329,-29496.91487252055,True
1330,2264527.9768098714,False
1331,-378434.5335812991,True
1332,-429095.2292719478,True
1333,2180632.433317694,False
1334,1184213.908897982,False
1335,-463571.77407014667,True
1336,-212588.3066245883,True
1337,-373709.2760181154,True
1338,225070.1957334774,False
1339,-218341.6068957451,True
1340,-244328.75582532713,True
1341,-392698.89063871914,True
1342,574047.2902962387,False
1343,-384690.7321447692,True
1344,-448723.5434755115,True
1345,-445486.00772789563,True
1346,429197.6789832682,False
1347,-341234.9333182976,True
1348,-214653.74474270878,True
1349,-225623.73012657897,True
1350,95780.8537817804,False
1351,-184087.82609305516,True
1352,317678.09319653007,False
1353,-318145.8415676519,True
1354,-248730.9921724414,True
1355,356357.6811221485,False
1356,32346.620112648325,False
1357,-356005.8625043778,True
1358,595342.5715120826,False
1359,-165700.87553494558,True
1360,-492837.4946707459,True
1361,1012406.3928588345,False
1362,-53161.59466564031,True
1363,1491596.454194669,False
1364,-307943.38599381555,True
1365,857475.0417860954,False
1366,-335031.44345314073,True
1367,-329028.4731275856,True
1368,2912980.485572954,False
1369,-215941.59266316384,True
1370,-353785.32281958836,True
1371,-350642.39222255495,True
1372,-299335.1319537634,True
1373,-356280.02076043916,True
1374,-384597.8907512508,True
1375,-343965.4235663655,True
1376,1327771.6437772939,False
1377,627874.2380225952,False
1378,62588.06945424356,False
1379,326001.1695597691,False
1380,-281306.7726576899,True
1381,-403313.4815421214,True
1382,-348729.195816459,True
1383,1042949.0535626288,False
1384,-321314.2056683627,True
1385,167536.316384895,False
1386,-161980.98596676596,True
1387,-434717.38656500325,True
1388,-388274.70843864727,True
1389,206059.6858349359,False
1390,213547.8990460695,False
1391,-348034.405488573,True
1392,-125871.12287839652,True
1393,-95131.31826064643,True
1394,-426891.01864936977,True
1395,-326809.8544865598,True
1396,-121060.73870359245,True
1397,-314824.3530082825,True
1398,395711.21623667143,False
1399,-296104.5734903613,True
1400,228697.34974348586,False
1401,-132229.81015180517,True
1402,-193868.51768433367,True
1403,-160589.44978494506,True
1404,162786.83694305364,False
1405,-242606.10833943487,True
1406,505051.20927817456,False
1407,-460337.77966366336,True
1408,423434.65412935097,False
1409,847110.0292856577,False
1410,-344120.36658658064,True
1411,-101452.65432557314,True
1412,968461.7369206857,False
1413,38221.60778646895,False
1414,269116.12413969194,False
1415,-166929.66734590355,True
1416,-266369.6535392661,True
1417,434855.2818658176,False
1418,573721.9702272589,False
1419,499149.2037615651,False
1420,57648.69649737064,False
1421,253057.94978322,False
1422,94884.08059319355,False
1423,-353778.71900782175,True
1424,-146686.67906199393,True
1425,-187915.88604361043,True
1426,470052.44528896513,False
1427,85483.75610167626,False
1428,-181874.75989468241,True
1429,150357.09872388223,False
1430,-256552.46876302868,True
1431,-390914.78490558075,True
1432,213585.2144272691,False
1433,-331233.85321335366,True
1434,811760.0142457015,False
1435,299718.4855241807,False
1436,-419010.9841648561,True
1437,-300579.7522455218,True
1438,763240.1870412326,False
1439,-147265.8428635443,True
1440,-113423.69932623157,True
1441,343042.8520708944,False
1442,-42376.17033339696,True
1443,690011.4051090833,False
1444,-462831.0736333585,True
1445,-32813.55667523483,True
1446,-437083.1005370287,True
1447,588212.7653845884,False
1448,-173320.30154710004,True
1449,-396624.57554744795,True
1450,-18915.912908953316,True
1451,612448.2124678689,False
1452,1227725.6671387209,False
1453,297483.5630584898,False
1454,-487017.38478771393,True
1455,-156774.05704629247,True
1456,-103989.31265179241,True
1457,-243326.22835276753,True
1458,-282089.23006893875,True
1459,-60184.90300904894,True
1460,255382.3349836139,False
1461,185561.08764385604,False
1462,-260831.57953803425,True
1463,-381623.3567201055,True
1464,-361070.24200751213,True
1465,-347298.64549921453,True
1466,-217669.72179574938,True
1467,-355497.88352222455,True
1468,-476327.1282734533,True
1469,195805.41527942018,False
1470,114971.79675303282,False
1471,602169.9197623911,False
1472,226947.18363289186,False
1473,-85369.10801708417,True
1474,1811365.3672040382,False
1475,-42692.32434304937,True
1476,-394301.4527855035,True
1477,100258.204032859,False
1478,-343486.00287499203,True
1479,-188698.2898284949,True
1480,995092.1349792876,False
1481,-290590.5695298309,True
1482,-340670.564679296,True
1483,-115366.75645465002,True
1484,372483.6871357869,False
1485,-404086.7676896623,True
1486,-196839.9595865209,True
1487,-335337.9698295581,True
1488,-37264.69267867796,True
1489,30344.14876928041,False
1490,-448426.9163019816,True
1491,-151185.80323353905,True
1492,2175564.4892850867,False
1493,-209562.28119509004,True
1494,-341393.6289600718,True
1495,-192603.10518258403,True
1496,-396527.7301843203,True
1497,-217764.67642350748,True
1498,300759.64266417216,False
1499,248736.36168184815,False
1500,1541989.2872175295,False
1501,2306370.7316546845,False
1502,-108075.56483489354,True
1503,-368773.8457989906,True
1504,-301131.80038783426,True
1505,-149964.66191264964,True
1506,-377156.3780748783,True
1507,-146793.66487096195,True
1508,-130046.10050336011,True
1509,678876.0388344215,False
1510,212977.22102507696,False
1511,-302046.018560908,True
1512,2000.0,False
1513,-131102.02341885457,True
1514,1100828.6169637789,False
1515,-342948.6121620444,True
1516,620193.8202593424,False
1517,-309886.03204998164,True
1518,-265210.1703663146,True
1519,-16618.44409694937,True
1520,714613.2346612753,False
1521,-289477.01711909176,True
1522,-306737.5685410755,True
1523,1181434.4234865434,False
1524,-278706.58061625756,True
1525,808600.2670352395,False
1526,-168553.61038005535,True
1527,138489.11160057507,False
1528,-410384.69155000657,True
1529,361775.11852378084,False
1530,-291499.7848913019,True
1531,-376908.95588690386,True
1532,-71027.48009695465,True
1533,-251261.4964110202,True
1534,478608.08875306655,False
1535,351689.15428458375,False
1536,-426805.22407465935,True
1537,399214.8210331902,False
1538,-145325.79680836678,True
1539,770510.4802980463,False
1540,-350969.39663067035,True
1541,401727.1690357059,False
1542,-299512.7044233967,True
1543,-94107.96459069612,True
1544,-131715.93140454183,True
1545,234296.50533481376,False
1546,195108.87837680939,False
1547,823374.7497909698,False
1548,-375654.85486452334,True
1549,-404491.0585756745,True
1550,1133908.705614165,False
1551,-427856.3694859251,True
1552,-438089.4549630691,True
1553,-231766.309101109,True
1554,1893033.8543926135,False
1555,2099658.7718678555,False
1556,-228489.49375682743,True
1557,-180833.48604532005,True
1558,-212519.32644538934,True
1559,-44817.58922221755,True
1560,-126256.60192798982,True
1561,658940.8470754325,False
1562,47677.10755638491,False
1563,-282371.6980187363,True
1564,163216.94589778178,False
1565,884074.6164965652,False
1566,-300652.9130521727,True
1567,-53193.98050656181,True
1568,85550.32035799389,False
1569,849441.7728808037,False
1570,74284.49738722197,False
1571,-154236.8731780799,True
1572,-246883.68962827337,True
1573,1355592.2955453084,False
1574,-307215.72868537164,True
1575,603856.6681803437,False
1576,297336.1583235296,False
1577,-407252.49256899534,True
1578,-103815.34845332176,True
1579,204639.5690001407,False
1580,-248003.71840900974,True
1581,-403846.26268305944,True
1582,217727.55934849542,False
1583,-68053.49576059534,True
1584,392068.8001364192,False
1585,-415170.42460635846,True
1586,-306922.52919333533,True
1587,-204969.3042518904,True
1588,868227.8762039826,False
1589,-349071.4300846562,True
1590,-386018.67120183137,True
1591,-144839.4180853251,True
1592,-423405.2191010422,True
1593,-283812.7676327437,True
1594,-308520.69307945034,True
1595,119550.338018612,False
1596,546642.225666353,False
1597,-104681.52143440567,True
1598,-454455.4450190549,True
1599,-263745.4273438647,True
1600,-117454.57259799592,True
1601,-35483.77586615679,True
1602,-335329.5320227293,True
1603,-128809.08596768555,True
1604,-153859.8039185853,True
1605,-443256.1018183028,True
1606,760548.6850933861,False
1607,-224884.12746700482,True
1608,-479967.2639873333,True
1609,1083712.5282772805,False
1610,-466255.39737650356,True
1611,729019.8367882819,False
1612,-89450.12375671352,True
1613,-248658.05781149518,True
1614,1556155.960510882,False
1615,-285749.778052802,True
1616,-325052.9289821859,True
1617,-338887.26431235677,True
1618,-103637.10677149045,True
1619,145252.6077377951,False
1620,-238386.53503185965,True
1621,-478321.98464921105,True
1622,-216464.00569577308,True
1623,702232.1324803095,False
1624,997145.2774678238,False
1625,-156661.75915511837,True
1626,-149335.98546157285,True
1627,-10516.849151892175,True
1628,2600530.6151280915,False
1629,290884.6657902167,False
1630,531315.0857063003,False
1631,-160841.92012617568,True
1632,604215.3972429887,False
1633,-133080.43229126369,True
1634,-411047.9367825935,True
1635,425381.9764345887,False
1636,1139286.536545045,False
1637,230002.89380679754,False
1638,-286924.5950205673,True
1639,-169478.00591270177,True
1640,-121401.25064732497,True
1641,-335633.75599524844,True
1642,-328326.52206069074,True
1643,194907.591060339,False
1644,761203.0993462461,False
1645,-398796.7238431565,True
1646,101824.75352012094,False
1647,-372663.1465886856,True
1648,-105906.3737710677,True
1649,-190534.331654581,True
1650,-310655.41699708847,True
1651,1611407.09142617,False
1652,150923.87387112252,False
1653,271330.6868004399,False
1654,-278107.4049280547,True
1655,-26674.395568936074,True
1656,1098363.1698917847,False
1657,-54981.9223528943,True
1658,228457.75170759676,False
1659,-376498.4263749777,True
1660,1053688.8808053245,False
1661,-241788.7417532137,True
1662,288326.9161194866,False
1663,240493.538798895,False
1664,690104.0933838242,False
1665,-303944.4213518008,True
1666,693303.7074528465,False
1667,-134493.27965160628,True
1668,98540.99275986095,False
1669,1400139.7043960185,False
1670,307143.72930586815,False
1671,-32708.008417139557,True
1672,-201509.3208595578,True
1673,-2636.758690126736,True
1674,-141221.53410529764,True
1675,-86386.78927661158,True
1676,1250.9943724499635,True
1677,-301968.0352661146,True
1678,-102184.8852361184,True
1679,494287.8985295431,False
1680,728613.67648918,False
1681,-410276.5162450362,True
1682,-188612.15644480992,True
1683,-413328.85113758256,True
1684,1548112.3289336392,False
1685,-80814.46758891507,True
1686,-73526.87279110981,True
1687,-187739.21026189424,True
1688,-207.1341775302344,True
1689,276294.51236753375,False
1690,-206448.60121043815,True
1691,-411752.16868396284,True
1692,-400140.09482714656,True
1693,41601.70744041919,False
1694,-387113.8897066459,True
1695,-212631.09774330782,True
1696,-324158.9701152736,True
1697,-430672.98980937985,True
1698,-201135.49412369917,True
1699,-134002.96080606477,True
1700,-259209.78542260395,True
1701,-476334.2366428443,True
1702,381617.53504141635,False
1703,-288288.8682661542,True
1704,-237302.21802628753,True
1705,2836822.45647496,False
1706,120222.91822043572,False
1707,-391936.0694431836,True
1708,202659.4124836585,False
1709,-399945.12305694696,True
1710,454470.767533503,False
1711,-370126.814680901,True
1712,210116.14437997973,False
1713,-331664.7527545017,True
1714,-461778.3628024519,True
1715,1169180.5515600387,False
1716,-288212.58352753194,True
1717,-22022.880776183236,True
1718,-74989.87768224343,True
1719,-430126.814479076,True
1720,-182246.16655137372,True
1721,-360700.1977184232,True
1722,5667.728636279679,False
1723,-220848.35688866358,True
1724,-392001.9112427219,True
1725,-384265.37914452946,True
1726,212920.03783651497,False
1727,-454090.9318330301,True
1728,-186017.8784537321,True
1729,-82740.82771910945,True
1730,455315.38962495583,False
1731,-287095.85268652876,True
1732,-231091.0227878151,True
1733,188233.43333789633,False
1734,-358947.3511240627,True
1735,-33959.93287632715,True
1736,1483419.4875328909,False
1737,1712426.7463656499,False
1738,-364501.880021465,True
1739,36093.493574448185,False
1740,2946845.647744634,False
1741,566938.2937924749,False
1742,-271309.7822257819,True
1743,-243609.89029729154,True
1744,94921.13944425214,False
1745,-425765.6528717167,True
1746,-25215.893579936183,True
1747,124615.97282580135,False
1748,-151009.30292212995,True
1749,-394208.0484575956,True
1750,-364665.8266230667,True
1751,-131321.2513182112,True
1752,-112839.77284814649,True
1753,2916040.626378432,False
1754,-104860.27577182007,True
1755,-414040.1552674545,True
1756,-166107.90024820052,True
1757,2957714.8237899086,False
1758,92229.95722605479,False
1759,-69164.8914771744,True
1760,-176360.67833796827,True
1761,24178.935681947416,False
1762,-375221.8500712326,True
1763,144082.15829791542,False
1764,-313250.81369039667,True
1765,331719.8827867358,False
1766,-295468.73204660916,True
1767,2482087.5816256683,False
1768,912197.3710252352,False
1769,-267270.6011813665,True
1770,-43917.838393056925,True
1771,-377732.38668469957,True
1772,-319429.1918945733,True
1773,-146525.78184443054,True
1774,1178667.7259934172,False
1775,2504965.7366248253,False
1776,-417162.81046289764,True
1777,1123263.8101960125,False
1778,-214832.02409376868,True
1779,-168408.11206787397,True
1780,-395450.62950514787,True
1781,-427135.21834431426,True
1782,-203624.07258596376,True
1783,-475722.0699911101,True
1784,-355723.8096301051,True
1785,-269309.91549055907,True
1786,-375200.4347821021,True
1787,-408594.4753268903,True
1788,197166.64442872,False
1789,-287889.82920708804,True
1790,43570.400192578214,False
1791,-391007.47556008113,True
1792,-311184.45690244593,True
1793,-394486.80939163273,True
1794,1895299.477256023,False
1795,-110838.0353150847,True
1796,-401339.002435973,True
1797,-329648.0779244502,True
1798,-440326.2732562667,True
1799,-253756.88926079322,True
1800,-266022.4848960455,True
1801,2443697.4703911874,False
1802,356252.51047929144,False
1803,-248718.46191201988,True
1804,-430115.3115322559,True
1805,202410.60402117166,False
1806,657952.1377013319,False
1807,-46029.12050458254,True
1808,-29744.909843139358,True
1809,689826.9885712478,False
1810,-50382.45384479545,True
1811,-382794.35181627935,True
1812,-219840.36811133273,True
1813,-299968.90690100595,True
1814,-341163.02280924364,True
1815,747864.120748429,False
1816,195236.24008171647,False
1817,-153356.8581290621,True
1818,-312990.31871715415,True
1819,-446612.61530976737,True
1820,-431368.72925820283,True
1821,-29005.543108846665,True
1822,-125253.09471275746,True
1823,275525.99229064345,False
1824,-429743.77277479577,True
1825,-411651.5338991299,True
1826,-497446.29531355744,True
1827,-312752.6733060823,True
1828,-436623.651960739,True
1829,-121492.65800505523,True
1830,909609.7500239102,False
1831,697375.5562461657,False
1832,158318.0470609529,False
1833,-250488.38614332103,True
1834,-281141.41308614716,True
1835,-382319.7074006034,True
1836,-366818.82386835746,True
1837,-416101.92192669073,True
1838,-252688.73937305054,True
1839,1420122.3899338236,False
1840,975672.7372476587,False
1841,551730.5446211981,False
1842,504604.0617371907,False
1843,-361308.5835334382,True
1844,-117949.88801953322,True
1845,1889162.6435661202,False
1846,775243.1824664016,False
1847,-377302.24628929055,True
1848,-179669.35734112913,True
1849,-390452.3840574,True
1850,-372417.45635578985,True
1851,-341643.6332320699,True
1852,107612.6182420666,False
1853,733468.678260461,False
1854,-5003.360846050011,True
1855,754086.2093952993,False
1856,-225162.92564638602,True
1857,2000.0,False
1858,-104715.64285924095,True
1859,-90461.35601722039,True
1860,-348629.023060997,True
1861,-245478.5945177484,True
1862,-286160.88190208655,True
1863,862045.5558307962,False
1864,-88525.22408371583,True
1865,537141.1365561642,False
1866,-454836.51430410316,True
1867,-91722.45952965517,True
1868,-410636.5431520314,True
1869,-398412.3057742258,True
1870,334305.86687562545,False
1871,-231374.80345694371,True
1872,99307.86188016878,False
1873,-407898.81301564025,True
1874,357633.6788886158,False
1875,-232051.5162737939,True
1876,-208283.1351324178,True
1877,-242910.31175850678,True
1878,-128986.69921192242,True
1879,1017082.3193220834,False
1880,-417869.5067949036,True
1881,-193165.7875847143,True
1882,-325726.0166268818,True
1883,1153475.164817864,False
1884,-223918.9075284759,True
1885,117374.99131537166,False
1886,-274114.54393439944,True
1887,-266978.71546481334,True
1888,974236.4213004463,False
1889,-245534.66626450396,True
1890,356606.5877331219,False
1891,-11462.054420330081,True
1892,116246.1948441682,False
1893,-474987.60983336484,True
1894,-344747.401945947,True
1895,-183979.87792598878,True
1896,-387118.16375350265,True
1897,-401203.07272839587,True
1898,-75316.2477871545,True
1899,-155471.94490331176,True
1900,374079.96230010234,False
1901,-301539.45839164994,True
1902,-350184.77436987346,True
1903,-214830.1635454787,True
1904,227751.92344097796,False
1905,-354906.0494155622,True
1906,92865.73107224706,False
1907,-370892.1556002237,True
1908,-418170.58907601883,True
1909,-268282.31558330817,True
1910,2777289.632386947,False
1911,286050.0495094011,False
1912,-342368.28887443914,True
1913,-435042.25344562915,True
1914,134762.5197332622,False
1915,-117317.6897539526,True
1916,-405649.22842932714,True
1917,-219884.2775826737,True
1918,1429204.5462911872,False
1919,-300420.29838657076,True
1920,150969.24209898734,False
1921,-172700.48014901692,True
1922,646660.8439428621,False
1923,120320.70061657338,False
1924,-98766.30403936819,True
1925,-278916.61737996974,True
1926,-98758.94023899506,True
1927,-340541.4123771022,True
1928,-79552.11997988565,True
1929,350632.4482582773,False
1930,223700.4433935174,False
1931,361766.74358357943,False
1932,-329618.7608007215,True
1933,-405022.65441444673,True
1934,-349331.8312075877,True
1935,6085.489726482692,False
1936,-373279.4978981868,True
1937,707167.4833551475,False
1938,2000.0,False
1939,209435.07198152327,False
1940,-270097.6228794944,True
1941,-360824.73607653944,True
1942,-256169.29416350904,True
1943,-352457.3626750496,True
1944,-30832.097323550268,True
1945,293930.3931254752,False
1946,-313064.2510544612,True
1947,1101128.6197651601,False
1948,162140.6706136922,False
1949,-93576.97676499853,True
1950,-282185.0954874087,True
1951,-133931.81100116816,True
1952,231185.58555750243,False
1953,512144.46207636065,False
1954,-158828.93404120847,True
1955,690872.548224106,False
1956,977184.1977109718,False
1957,-339394.87113831285,True
1958,526652.8559155747,False
1959,-239370.0417813387,True
1960,-177752.81923483365,True
1961,-468779.7524750613,True
1962,-50924.52278015493,True
1963,-460308.3915336481,True
1964,-388483.26939662383,True
1965,-470571.52131323016,True
1966,-196653.05123312233,True
1967,-38245.97042659756,True
1968,-249857.77030339182,True
1969,-155625.53643485025,True
1970,-392601.83157126023,True
1971,-296264.1082118428,True
1972,-235087.2511097034,True
1973,-458013.58945963107,True
1974,-486696.47459426185,True
1975,-205874.38400730368,True
1976,1407043.1440550482,False
1977,-365759.7476866573,True
1978,-339777.5766315053,True
1979,-114332.81493791331,True
1980,-304461.4315988805,True
1981,-339543.112403396,True
1982,-350324.6471361296,True
1983,-88110.21122219024,True
1984,-398932.4578245524,True
1985,-347113.54606310494,True
1986,-369445.4838150793,True
1987,2482262.170414889,False
1988,131374.08809236626,False
1989,-351174.77067293035,True
1990,-356302.0486865799,True
1991,-467113.12962517387,True
1992,-83058.56906436135,True
1993,1260755.0825338445,False
1994,-376478.9967478145,True
1995,2881602.9804492164,False
1996,-156254.4902705347,True
1997,338249.63057926943,False
1998,-479211.85786671814,True
1999,236784.6972297189,False
2000,-351647.40995516046,True
2001,-54943.52705878664,True
2002,-364313.8174758369,True
2003,-411281.0738211309,True
2004,-367184.0394921527,True
2005,-229795.86793361473,True
2006,278232.3955353955,False
2007,-17561.548875360422,True
2008,-430579.0861327155,True
2009,-319348.9346863758,True
2010,-22712.574369983548,True
2011,2939582.5454539633,False
2012,-419886.72849158413,True
2013,-446166.6304128113,True
2014,-448317.49469641625,True
2015,-489499.73101896717,True
2016,-6069.745719774115,True
2017,559953.5970334032,False
2018,-187057.6162194976,True
2019,772516.005586139,False
2020,-132419.81122863316,True
2021,868747.1057714529,False
2022,989558.3203638506,False
2023,416537.62873338955,False
2024,385898.26766844036,False
2025,-254129.86249712305,True
2026,231365.55402066602,False
2027,-204446.8389234536,True
2028,-412535.75905484223,True
2029,-124835.70793504834,True
2030,-385080.899641122,True
2031,-428718.90292772045,True
2032,913946.2444213328,False
2033,-331479.28615066444,True
2034,-1373.883672321499,True
2035,262816.18426936516,False
2036,-81746.7234925737,True
2037,2712.67098652353,False
2038,-445065.6754732689,True
2039,1240342.4158528103,False
2040,-370943.6222768719,True
2041,1143143.7456780376,False
2042,-214867.73161619433,True
2043,31298.03244415173,False
2044,-387287.0220084426,True
2045,996252.7059944796,False
2046,-155561.929758664,True
2047,-396587.7893652827,True
2048,-37587.58475337904,True
2049,-361450.32551806147,True
2050,-5286.698989071452,True
2051,-372341.85697223764,True
2052,1636274.1407407883,False
2053,-291023.37810178805,True
2054,-391871.60757850995,True
2055,865965.4403425629,False
2056,-378400.7756350625,True
2057,-244778.4343952925,True
2058,856565.7720924256,False
2059,-204352.97256478606,True
2060,-162219.4246687662,True
2061,-194634.2598395745,True
2062,-399247.85434317775,True
2063,-318797.22126049007,True
2064,695414.070098409,False
2065,-424376.7315559348,True
2066,-358180.5380673537,True
2067,-473956.69871027424,True
2068,-422846.29593041615,True
2069,813076.1952618026,False
2070,98027.94692699889,False
2071,-395350.9128364262,True
2072,-412944.9751393797,True
2073,-405470.0248594072,True
2074,-470466.42323767213,True
2075,-236508.3446952681,True
2076,-505720.9341672907,True
2077,-37077.104510120305,True
2078,88991.99270221211,False
2079,-403262.4065132082,True
2080,52923.17741893065,False
2081,-291144.51147319406,True
2082,102442.36526988777,False
2083,9303.31500696764,False
2084,-264947.7492507518,True
2085,2516311.159212532,False
2086,-252796.47128109983,True
2087,1817057.7029000232,False
2088,-219712.315876946,True
2089,-147605.51616071805,True
2090,-159982.42254284033,True
2091,-336497.81766823225,True
2092,-57395.845798409035,True
2093,-474662.7154242403,True
2094,662943.6386718901,False
2095,605461.1124661064,False
2096,-401855.9016991916,True
2097,-431382.5620649773,True
2098,895375.2231195165,False
2099,-301400.9287907581,True
2100,-429472.2699143466,True
2101,-446047.56330470403,True
2102,189037.7803462729,False
2103,-253847.72607732392,True
2104,-310371.4420333856,True
2105,629475.6212775414,False
2106,-361115.3986180794,True
2107,491852.3839632615,False
2108,117693.57646900536,False
2109,-153891.68406207656,True
2110,492201.7228977388,False
2111,1006084.987129448,False
2112,-156249.91828980096,True
2113,1270845.9919936578,False
2114,-8337.68171891844,True
2115,-98126.14132279939,True
2116,-194671.841628091,True
2117,-258691.9160597427,True
2118,-222540.6570783825,True
2119,-210081.39709194924,True
2120,-435702.7430305217,True
2121,6434.266570355501,False
2122,-170267.74147046532,True
2123,-117333.30305470804,True
2124,-439738.23889192834,True
2125,-408420.95552597655,True
2126,-29870.32251149434,True
2127,-46424.66238887297,True
2128,152015.66818874519,False
2129,-442403.58734020684,True
2130,-373202.7258384153,True
2131,-369987.8838697767,True
2132,-465878.8238827165,True
2133,531940.309572219,False
2134,-288629.77606258454,True
2135,-324916.5118405441,True
2136,1316534.1955773279,False
2137,-420787.89690905495,True
2138,1080411.877074723,False
2139,-120205.01901875414,True
2140,-128660.98121598117,True
2141,-380925.39555059705,True
2142,-298475.5272176252,True
2143,254167.43671273434,False
2144,-315827.85895136895,True
2145,-216950.55034379294,True
2146,-102636.20910902446,True
2147,-262583.3334245507,True
2148,-59744.85074512815,True
2149,-308375.50794087764,True
2150,-265234.19577241456,True
2151,-166972.2207675843,True
2152,-79481.54973648452,True
2153,-260373.27252656827,True
2154,973770.0547118395,False
2155,749176.0316106343,False
2156,502106.57217850053,False
2157,-35204.256286855096,True
2158,207934.65177496002,False
2159,-38075.93915856633,True
2160,-322910.16659681604,True
2161,918640.1138658321,False
2162,-260155.71999588807,True
2163,-311778.90972265153,True
2164,-504523.24281467224,True
2165,-300843.41524641804,True
2166,-94014.09411279325,True
2167,654909.0053147946,False
2168,-406318.4958444651,True
2169,944781.1285914663,False
2170,781786.3674483678,False
2171,951019.7316410083,False
2172,309551.1031549972,False
2173,-295590.1964595416,True
2174,-401751.61667234916,True
2175,-154363.39873848215,True
2176,9978.501054997629,False
2177,1511571.0385582407,False
2178,-153793.5936060453,True
2179,-102274.86485652928,True
2180,-434283.02451212314,True
2181,-497669.1832356066,True
2182,-399954.66436555015,True
2183,-247120.43625301876,True
2184,-61628.86121999367,True
2185,-148450.9292679371,True
2186,-124239.51755241718,True
2187,-301026.29931911814,True
2188,-364370.57524542534,True
2189,-203711.10583687713,True
2190,-222335.54592305789,True
2191,995665.4451505216,False
2192,26541.34722874515,False
2193,103760.93594448379,False
2194,446056.6320411095,False
2195,624878.0292040549,False
2196,-180580.52169215947,True
2197,-317788.0346330588,True
2198,-354880.9156038422,True
2199,-346840.1443296127,True
2200,-296278.800321989,True
2201,288838.36700102314,False
2202,38321.331256515696,False
2203,-183919.90610264018,True
2204,-195013.16533173327,True
2205,-393721.9302729335,True
2206,-325782.0166797932,True
2207,-194375.78716948588,True
2208,-141166.51745549164,True
2209,-401914.7484556338,True
2210,453551.7921661933,False
2211,635938.9487130032,False
2212,-418731.21210674115,True
2213,452369.6934554669,False
2214,-479552.61292413034,True
2215,-419561.9548794005,True
2216,588044.704450674,False
2217,40747.35837347686,False
2218,-308941.8356872606,True
2219,2000.0,False
2220,-418234.06541420013,True
2221,1139640.0064879444,False
2222,-268187.3127879484,True
2223,779111.6906967215,False
2224,-250432.19300811703,True
2225,1852320.4629812809,False
2226,-49695.261094397385,True
2227,-153240.65722510716,True
2228,-347051.13524324266,True
2229,-431304.3676874632,True
2230,-153738.85728724158,True
2231,51561.518879598596,False
2232,207852.84262683094,False
2233,-327731.2427748214,True
2234,-332727.1648468137,True
2235,2065120.8226178363,False
2236,-325729.7600932139,True
2237,-47013.05643012481,True
2238,1257040.0663385363,False
2239,445347.90637735993,False
2240,-371449.8112269625,True
2241,-172316.07331325975,True
2242,-369013.6384962021,True
2243,-350722.1145445225,True
2244,-225507.38198355396,True
2245,-133572.7409381031,True
2246,397215.5487780201,False
2247,-121013.88926888414,True
2248,-283452.1854848599,True
2249,-20094.50569366757,True
2250,1218632.5407342499,False
2251,-254293.52639158143,True
2252,-350639.6997346381,True
2253,-110887.05258672332,True
2254,-230120.42720213585,True
2255,568585.4810880339,False
2256,-475820.264753018,True
2257,-460507.12485738716,True
2258,-153229.4070309185,True
2259,-316872.4412429326,True
2260,601689.8667305018,False
2261,-133269.43311811774,True
2262,-77444.10327399685,True
2263,25453.29614433311,False
2264,-126001.93491777783,True
2265,-302019.1342767423,True
2266,-324338.9347395429,True
2267,1071860.932118025,False
2268,-72068.27200466327,True
2269,3053.187595474494,False
2270,-423162.87012490665,True
2271,188318.3151883453,False
2272,-198443.45778968403,True
2273,65577.84734141777,False
2274,-327639.3538785502,True
2275,-312427.23377980053,True
2276,-395628.25609690615,True
2277,10718.876762245134,False
2278,-346773.7135617199,True
2279,270092.5492481193,False
2280,2080809.9651149486,False
2281,-245060.2711836951,True
2282,-2835.0636871270017,True
2283,-155561.46904492268,True
2284,-273089.52901695366,True
2285,531041.9995674769,False
2286,-379702.0528119155,True
2287,-492824.8677712573,True
2288,88656.99574617307,False
2289,190820.92535076465,False
2290,1346594.1102498958,False
2291,249235.12270230163,False
2292,-123173.90440330277,True
2293,-187224.13443791747,True
2294,-121834.96633352367,True
2295,-211427.01908445382,True
2296,-344168.4624001625,True
2297,34489.280527833886,False
2298,-357087.0325789958,True
2299,-166494.67962377437,True
2300,595363.9494099075,False
2301,-372197.03450822394,True
2302,-222807.50113882148,True
2303,-143623.12456765698,True
2304,-201561.9432432357,True
2305,-248604.63664626656,True
2306,-221827.04536567227,True
2307,-442608.4068677881,True
2308,-410007.35951569886,True
2309,-354424.6152566905,True
2310,55442.46722520672,False
2311,-295911.35141858435,True
2312,-332068.36604044604,True
2313,2000.0,False
2314,2975353.6349254306,False
2315,375364.06230017846,False
2316,1038033.3713658272,False
2317,-353481.65728166315,True
2318,-299206.30570585694,True
2319,-416510.54223727254,True
2320,504573.6846230378,False
2321,-330094.44563463837,True
2322,-440359.0027803054,True
2323,-186670.05973624607,True
2324,409922.26139402663,False
2325,323294.0030914967,False
2326,-164359.04953349166,True
2327,-123871.66410319928,True
2328,-218797.3781115272,True
2329,-351892.2916439794,True
2330,2697532.9713859195,False
2331,-214389.7754366903,True
2332,559444.533440125,False
2333,-105251.17089671237,True
2334,-238451.084372569,True
2335,-301060.6341662948,True
2336,937594.288955855,False
2337,-37150.51898760712,True
2338,426127.81146081886,False
2339,-77111.37480266941,True
2340,-179597.93163101756,True
2341,-324195.8757476267,True
2342,-355996.90446101356,True
2343,-418244.354403131,True
2344,164707.99467476745,False
2345,-100892.50176004395,True
2346,81616.7857004359,False
2347,-387992.05521439493,True
2348,-345486.9486408348,True
2349,33276.77804968692,False
2350,70827.43137693814,False
2351,-358960.4930707964,True
2352,240638.0558337705,False
2353,-429175.40090121765,True
2354,-337422.74740497005,True
2355,-343743.37831169006,True
2356,-396223.0029809111,True
2357,-406916.29876071634,True
2358,-59996.95017760944,True
2359,606336.9903561445,False
2360,622670.468273278,False
2361,-332122.5108932014,True
2362,-185908.899009452,True
2363,-426943.3387442003,True
2364,-75567.87806714987,True
2365,-383895.8999727301,True
2366,-243684.28620003254,True
2367,-452652.77913754224,True
2368,-437089.89894001617,True
2369,-206382.07571099888,True
2370,445948.6467757228,False
2371,-70430.14876216411,True
2372,525604.3570199296,False
2373,-403301.2036381945,True
2374,-237552.00361157395,True
2375,2853022.072797516,False
2376,860488.2477341924,False
2377,-222600.02477463696,True
2378,-185386.1020449627,True
2379,-434785.6198580221,True
2380,-210730.92863961338,True
2381,-101049.53878222275,True
2382,1127634.0469111237,False
2383,-340811.2338634842,True
2384,-295240.1350526156,True
2385,2604955.424802393,False
2386,-345376.6430671294,True
2387,1339925.29903673,False
2388,-327313.3114680524,True
2389,990990.1623154123,False
2390,97968.75583509433,False
2391,-115218.71420146113,True
2392,-33506.611304135295,True
2393,-57736.9700882991,True
2394,-343076.79474170395,True
2395,-181042.37497289415,True
2396,-393546.7820139658,True
2397,799851.2951528786,False
2398,-145209.7242301804,True
2399,-213396.25539012658,True
2400,-197104.68176225948,True
2401,-202618.36266441442,True
2402,-139362.27073600286,True
2403,2865235.92245905,False
2404,-391201.8329449598,True
2405,116507.3656445015,False
2406,-378335.9864791448,True
2407,174861.78896676397,False
2408,-207439.80441865895,True
2409,-315861.5619344331,True
2410,-94247.07490549581,True
2411,-377176.69907622744,True
2412,-208234.61665591804,True
2413,-508530.6588312078,True
2414,-40015.22085460912,True
2415,453607.82879194967,False
2416,-434521.26815654157,True
2417,1094106.9403048372,False
2418,-373845.2819801362,True
2419,-233826.36987158994,True
2420,-199818.29846856472,True
2421,-55086.13621295977,True
2422,351947.7621357742,False
2423,-136579.12130604545,True
2424,-278275.5634612299,True
2425,-361923.5620635076,True
2426,-369393.05794181884,True
2427,-75480.41353245659,True
2428,-325672.8675741118,True
2429,-308809.9024814311,True
2430,-316598.2798003923,True
2431,22875.643004567144,False
2432,-399380.5025214095,True
2433,-464155.69388575986,True
2434,-170046.11387256708,True
2435,-83924.4965963008,True
2436,1128758.96466662,False
2437,823896.5314299893,False
2438,-146349.89806699773,True
2439,288489.4518449061,False
2440,-341665.9898334898,True
2441,-265104.20254095277,True
2442,351786.5632564375,False
2443,921297.8108687277,False
2444,-149881.76980496017,True
2445,-414062.1481887091,True
2446,328402.2665797068,False
2447,-398864.1248750936,True
2448,42647.983287573814,False
2449,845977.4382450692,False
2450,-291057.71293728834,True
2451,-245754.4980997512,True
2452,-64667.10062261607,True
2453,95556.65255019952,False
2454,21404.76914810577,False
2455,-125129.67996249655,True
2456,937377.8056660566,False
2457,-328846.979419772,True
2458,-146938.36353359558,True
2459,-21665.27499152899,True
2460,-390327.6999955125,True
2461,-207459.0764575754,True
2462,-178894.70859008026,True
2463,-84290.83405221869,True
2464,-79558.2478321257,True
2465,-350935.619725533,True
2466,-103045.34438873785,True
2467,-286512.8795419814,True
2468,426543.11110393336,False
2469,1464.0103314757353,True
2470,-450234.01768491603,True
2471,-294117.4854637993,True
2472,-473809.2483672547,True
2473,-335582.3163714636,True
2474,-151017.56282702694,True
2475,536102.5429148411,False
2476,489522.4341929876,False
2477,24660.43225880492,False
2478,-367153.8716711593,True
2479,2130348.019523809,False
2480,285357.26605149196,False
2481,-249574.67485500497,True
2482,-365271.1963838502,True
2483,-388542.9421493726,True
2484,-187735.42405539253,True
2485,-393289.90105525387,True
2486,-403197.78419934487,True
2487,-482566.9814940894,True
2488,-190613.1378029025,True
2489,-222911.38517808216,True
2490,-376081.11264190957,True
2491,-503300.0218341209,True
2492,-418157.91304564057,True
2493,146303.775583791,False
2494,-279260.64347521134,True
2495,-324359.67722168425,True
2496,-367153.916164341,True
2497,-315557.41845041385,True
2498,-321407.09931163845,True
2499,663016.6668870127,False
2500,56037.01671372372,False
2501,-240913.01260100162,True
2502,-313536.89534232405,True
2503,-203119.87453193002,True
2504,-382362.0808560528,True
2505,-425364.8110005863,True
2506,1512931.8138804561,False
2507,223117.20945492134,False
2508,181681.5986196719,False
2509,-332254.7531531126,True
2510,-272562.9059923196,True
2511,-3847.3998835334605,True
2512,1104073.2845016585,False
2513,1743188.2271729887,False
2514,819602.3384554877,False
2515,-285950.5719214877,True
2516,-332030.9278393009,True
2517,508927.0618451492,False
2518,61975.44685010889,False
2519,662999.7283653484,False
2520,-367861.39670115226,True
2521,-408444.5820128133,True
2522,-449850.13015553943,True
2523,-78895.5881828326,True
2524,57867.82571358484,False
2525,-288345.4491239162,True
2526,888152.6589601956,False
2527,1687105.8414722504,False
2528,252804.12803544122,False
2529,104179.816184005,False
2530,-124518.85944178716,True
2531,-37615.52648383783,True
2532,-241135.03108097272,True
2533,2000.0,False
2534,-23684.307387455352,True
2535,33517.02276175159,False
2536,803954.5291206231,False
2537,-229375.02852734062,True
2538,-444205.7426212107,True
2539,-265064.01497149107,True
2540,-154563.33007324813,True
2541,-185742.80245625993,True
2542,-388211.83596901636,True
2543,-376532.8656218112,True
2544,706688.520955937,False
2545,1268627.6739349328,False
2546,-45391.50885911681,True
2547,150206.04460749397,False
2548,-417955.864403328,True
2549,-355585.77465358033,True
2550,164497.20979781947,False
2551,-211282.67206468465,True
2552,1198151.1708536888,False
2553,-93176.03093026968,True
2554,-256957.2874379832,True
2555,-266353.0125908319,True
2556,-437977.12644967367,True
2557,-407061.6881691125,True
2558,-5843.713960303145,True
2559,-358140.1955620369,True
2560,1349192.3881442854,False
2561,-395846.58917319257,True
2562,83015.93385236982,False
2563,-338237.7602629495,True
2564,-152888.90979087833,True
2565,-343264.9705482708,True
2566,-285396.98061511276,True
2567,-180231.5661182453,True
2568,296835.5430090777,False
2569,-415409.02163791534,True
2570,-338218.4716844696,True
2571,-307102.34382738423,True
2572,-208924.8030037082,True
2573,840070.0593975721,False
2574,-334671.7128667779,True
2575,-293882.30770490185,True
2576,442054.7567231738,False
2577,-327151.04644972977,True
2578,-348786.7777250893,True
2579,950657.9020413078,False
2580,-54397.03050814921,True
2581,1276126.5117402577,False
2582,-367636.68067540805,True
2583,147758.7485376009,False
2584,-399300.3155760712,True
2585,-100474.91107175822,True
2586,1703584.046419909,False
2587,-227164.2198434076,True
2588,-513315.35736967676,True
2589,699875.1348868534,False
2590,-393540.17324566,True
2591,352576.6281505885,False
2592,-11453.370806768009,True
2593,102494.93124150224,False
2594,-381067.0947859045,True
2595,-306186.7120375133,True
2596,-400968.8730988657,True
2597,-285649.83906684635,True
2598,-17741.628840934645,True
2599,-330867.24403917394,True
2600,380925.7000734579,False
2601,235991.30290880837,False
2602,840696.2119431497,False
2603,-403726.54596989334,True
2604,2740764.6017695735,False
2605,-415057.27250713407,True
2606,-446275.2188624915,True
2607,2020748.681535995,False
2608,-78.05844791453183,True
2609,-301922.464110733,True
2610,-24237.45210487564,True
2611,229967.2631318334,False
2612,-291755.05354297947,True
2613,-185423.65924492577,True
2614,580943.7881376344,False
2615,-451684.5293733047,True
2616,-24707.57564150002,True
2617,467305.5230647471,False
2618,276475.88182624703,False
2619,1337679.6506964762,False
2620,-418777.7720632887,True
2621,-201213.42806396636,True
2622,-451524.99029406527,True
2623,-247422.19452674052,True
2624,-364065.8394706591,True
2625,-54352.097140362035,True
2626,-28576.07942651114,True
2627,-155341.82977640867,True
2628,-108721.38061807664,True
2629,-103557.24226231051,True
2630,-367677.8792956172,True
2631,-111050.57337901783,True
2632,-392038.7824254971,True
2633,-256986.01961371631,True
2634,-255649.34167054252,True
2635,183952.6663110338,False
2636,23928.63336618327,False
2637,-331844.8777992132,True
2638,-435991.76621266035,True
2639,-249161.0413309854,True
2640,-173378.94733482852,True
2641,245980.615227411,False
2642,79013.74213294456,False
2643,-152985.31536811788,True
2644,1039211.3422179843,False
2645,-385834.241716239,True
2646,172446.55187872416,False
2647,280499.6190800014,False
2648,1650768.2033964377,False
2649,-174170.41980291536,True
2650,-103316.85919193295,True
2651,243079.50667775725,False
2652,696925.9272807285,False
2653,394740.69875915174,False
2654,-234995.2624747856,True
2655,-378672.7415378913,True
2656,-223325.13555904708,True
2657,1302596.546908209,False
2658,-410282.0012393627,True
2659,-76605.77324252107,True
2660,-394341.97730095644,True
2661,-322777.35119615425,True
2662,-316811.59489099437,True
2663,979833.2373324003,False
2664,-370305.14815387747,True
2665,-496971.3358923243,True
2666,-390148.5842323163,True
2667,-428518.10026056034,True
2668,365732.3973028515,False
2669,-273240.2109768655,True
2670,-319452.27842391824,True
2671,-131507.66354054975,True
2672,308834.2212305205,False
2673,-340926.2771398715,True
2674,178384.5820491768,False
2675,-176974.53572771593,True
2676,-9053.384230273348,True
2677,-154146.91121445876,True
2678,-36273.350676619775,True
2679,-225814.7613756722,True
2680,-323221.16479071067,True
2681,552276.7849913406,False
2682,-279355.51674324914,True
2683,-453184.88345497596,True
2684,-252422.0394841168,True
2685,858473.1279073185,False
2686,-254848.8334972383,True
2687,197038.72355041248,False
2688,178852.83864257982,False
2689,-418817.9032623877,True
2690,9270.921935916136,False
2691,-260921.85377672056,True
2692,1689934.4392032311,False
2693,416295.06123201066,False
2694,660040.1839403025,False
2695,1062066.5141138933,False
2696,91939.98427671139,False
2697,-296160.58753605396,True
2698,-397651.3156339509,True
2699,-239488.85145503274,True
2700,-105938.39471268577,True
2701,616660.7149433553,False
2702,67741.51101430268,False
2703,-308051.9903016468,True
2704,-283351.0568735404,True
2705,-246414.9007488059,True
2706,-361425.66996069206,True
2707,-347251.50641669275,True
2708,324421.26139671524,False
2709,-18727.198848166307,True
2710,846199.3931013076,False
2711,-434832.5764866842,True
2712,-178613.03976588388,True
2713,570720.2683691271,False
2714,-265311.9252987396,True
2715,-250876.0463305118,True
2716,533497.779825204,False
2717,-320801.2436216186,True
2718,-349546.75218584354,True
2719,-305841.3526945024,True
2720,-333179.7797351307,True
2721,-343411.3140352618,True
2722,2770984.601551833,False
2723,-333963.1373100047,True
2724,-259491.44568403024,True
2725,118139.76838526798,False
2726,-79648.08293387701,True
2727,-248579.40968743106,True
2728,1179071.2612266657,False
2729,-304636.6326945394,True
2730,-149593.78081454555,True
2731,-141625.41680478238,True
2732,-272698.56966516795,True
2733,-384652.6226940105,True
2734,83984.50178322034,False
2735,-287589.3806503826,True
2736,-380151.7362980558,True
2737,-195245.08240402528,True
2738,-384074.8302149767,True
2739,-391637.45940316666,True
2740,1491397.6658591328,False
2741,-358745.80916408804,True
2742,4616.653684486229,True
2743,-297492.7463825663,True
2744,-56437.52327259159,True
2745,868585.1272512286,False
2746,1027770.1137062996,False
2747,-453118.1140071471,True
2748,850867.413362201,False
2749,-211060.7595296593,True
2750,-317217.98495509266,True
2751,154985.99943438513,False
2752,966906.7704312329,False
2753,-409265.10041789245,True
2754,243568.43406912708,False
2755,-79390.17248695776,True
2756,206049.60857129953,False
2757,1676288.4564988385,False
2758,-273606.0645253191,True
2759,-435625.8231729387,True
2760,-460411.3853319245,True
2761,-332415.2572674473,True
2762,795662.3484979545,False
2763,238098.16032252868,False
2764,-336898.956458315,True
2765,-418732.4665907987,True
2766,-327451.5863751499,True
2767,-163194.0366200106,True
2768,-201270.32313998052,True
2769,-177412.61810770657,True
2770,-376058.05688247643,True
2771,1174294.819160311,False
2772,806969.4885242509,False
2773,105376.19127726005,False
2774,-427683.8313242949,True
2775,-21266.361689580306,True
2776,-351478.0623390305,True
2777,-288607.036362,True
2778,-191595.34003090626,True
2779,-307669.56903346773,True
2780,168006.2907066596,False
2781,2020261.0386773562,False
2782,-332950.8244174444,True
2783,-24978.11202474329,True
2784,209858.21795182128,False
2785,2160441.726239515,False
2786,-197369.8486689131,True
2787,-354795.18245733355,True
2788,-167390.29105019564,True
2789,991184.4333703121,False
2790,-162758.5705070031,True
2791,-218283.33917081202,True
2792,878638.7095720104,False
2793,-196597.7922419204,True
2794,-140522.95584859457,True
2795,1761539.7003489395,False
2796,-65981.57966841411,True
2797,134777.6794080195,False
2798,-321434.0469627739,True
2799,-438402.5542013557,True
2800,-363125.87757408083,True
2801,-305143.8376941114,True
2802,1586309.6614600548,False
2803,363972.46773866174,False
2804,-78010.90491843263,True
2805,-416006.5827974044,True
2806,-319087.4046145057,True
2807,-26906.59793795054,True
2808,-25684.15346160885,True
2809,-353290.311657616,True
2810,-320850.95795814093,True
2811,1377841.9041768175,False
2812,29210.316298274152,False
2813,-277725.2957191468,True
2814,-224905.8563480604,True
2815,-172958.57122075156,True
2816,-203662.9804531006,True
2817,-440785.567822437,True
2818,-45818.6305977257,True
2819,45896.86769119811,False
2820,-281494.0983550139,True
2821,365855.26657687896,False
2822,-348721.71531866933,True
2823,-125911.99246346482,True
2824,-113895.34298144032,True
2825,186723.54029384494,False
2826,693745.6954270832,False
2827,1382464.5679598867,False
2828,590189.0749193963,False
2829,339571.60058724444,False
2830,292303.4706498736,False
2831,1179706.825974504,False
2832,-131884.7928425127,True
2833,-217233.89742470713,True
2834,-217339.53526081846,True
2835,-304012.0184117971,True
2836,-476448.8253515616,True
2837,-425637.8709623888,True
2838,-331001.895348975,True
2839,245135.7935940073,False
2840,-324576.2401900499,True
2841,1372276.828040227,False
2842,-258009.8860184584,True
2843,-300110.4351049979,True
2844,169531.99575565368,False
2845,1854595.7751911143,False
2846,385461.6216323784,False
2847,-421788.52779685124,True
2848,-454418.4190737942,True
2849,-166138.34399557815,True
2850,-434356.4667448237,True
2851,-164727.56715932122,True
2852,-510103.9338683676,True
2853,544068.6987552391,False
2854,-268684.72795806103,True
2855,-238290.50857015583,True
2856,-381882.628909046,True
2857,651929.1234228918,False
2858,-179159.23583257876,True
2859,-145022.46705194502,True
2860,-347133.0605178096,True
2861,-242690.15325618497,True
2862,65917.9049765117,False
2863,-209493.9284847528,True
2864,-492183.05578571314,True
2865,989141.3243998227,False
2866,-114594.53547093552,True
2867,-194971.07494966587,True
2868,-177464.63551050643,True
2869,-315962.95602343127,True
2870,73031.39814391949,False
2871,-341774.30138879543,True
2872,1280236.7460127359,False
2873,835260.0100032078,False
2874,-228783.73430837787,True
2875,-76550.70925106425,True
2876,-498368.8915815007,True
2877,-88847.71200540283,True
2878,484289.34340001806,False
2879,-472283.4708051481,True
2880,-315898.10620688123,True
2881,180802.79841962055,False
2882,-28053.72178741275,True
2883,-417012.8807962992,True
2884,826306.2009541651,False
2885,-240273.75504271526,True
2886,-397861.0366315577,True
2887,355464.76190971147,False
2888,-382062.7540077807,True
2889,273361.23006687884,False
2890,73254.16025234495,False
2891,9537.05960003559,False
2892,-451813.2671990456,True
2893,352119.9773113093,False
2894,-409228.56264882046,True
2895,88310.13380229347,False
2896,214708.81014728485,False
2897,79023.97740210089,False
2898,-356626.52109684324,True
2899,-160032.85949285017,True
2900,917052.7029754794,False
2901,-330524.5361736962,True
2902,-314045.22756502026,True
2903,-380959.4712085983,True
2904,-254595.7064821843,True
2905,-320238.925318638,True
2906,-299842.3817084527,True
2907,-250085.5347322024,True
2908,-440620.22556869336,True
2909,-455784.74181133043,True
2910,-189782.65488504307,True
2911,-428597.52394658537,True
2912,-330057.90574958065,True
2913,-35094.16349777235,True
2914,-338292.8899387717,True
2915,-427053.98208601336,True
2916,-389400.5698969731,True
2917,107733.01390793509,False
2918,-385532.66722145875,True
2919,-250480.4653247475,True
2920,-409166.8377495768,True
2921,254708.45393142197,False
2922,1455005.1304525263,False
2923,197369.26008072388,False
2924,2972368.420240738,False
2925,-369351.75837401807,True
2926,-459178.7425286643,True
2927,-38953.24529762895,True
2928,-348093.877336434,True
2929,200756.03049126628,False
2930,-372426.9138252116,True
2931,-195316.6388472032,True
2932,-312412.44853950356,True
2933,-395955.02116797917,True
2934,-338778.1091419448,True
2935,-368139.00366815535,True
2936,1674342.6987866915,False
2937,358789.7295337769,False
2938,-204538.03580769242,True
2939,-56082.84965476344,True
2940,-106219.19524364693,True
2941,-324466.13418549893,True
2942,-449215.47540934454,True
2943,-315013.00729109196,True
2944,-215951.4164049908,True
2945,-246419.33001761534,True
2946,2203236.0598055124,False
2947,2000.0,False
2948,-423671.3731485292,True
2949,242443.1459288139,False
2950,-183492.68340986635,True
2951,-199012.01809335532,True
2952,-438752.89662082406,True
2953,453035.07726801746,False
2954,-133063.4228135807,True
2955,-444347.92385665665,True
2956,-375296.47475189576,True
2957,-58613.159686290135,True
2958,-278339.66763786983,True
2959,-457454.03373337566,True
2960,595467.3076036434,False
2961,-464683.0446908339,True
2962,2291633.138941756,False
2963,58618.8797856027,False
2964,-200893.95617743648,True
2965,-425476.786084558,True
2966,-195510.53534362174,True
2967,25797.42869649018,False
2968,-285153.63458152255,True
2969,550731.4466900782,False
2970,-298581.98930035665,True
2971,653137.3923925217,False
2972,-282230.83299947815,True
2973,-125293.30237347374,True
2974,9899.882191930245,False
2975,81703.73472904168,False
2976,-158105.44539174554,True
2977,-119296.18195304884,True
2978,-168625.0906260176,True
2979,1474482.7259551035,False
2980,-206141.7844887477,True
2981,1152009.3675595222,False
2982,-289850.6938490108,True
2983,-62671.21295412149,True
2984,27581.86058897891,False
2985,969704.4553182187,False
2986,-452113.1470348673,True
2987,1819743.5157327051,False
2988,1520433.8849685632,False
2989,-381879.59811477084,True
2990,796872.7082135488,False
2991,145815.21292812738,False
2992,-84050.43668317927,True
2993,-432595.320774547,True
2994,-314979.4050699457,True
2995,986984.9013282645,False
2996,93582.4962771591,False
2997,-75119.60663079497,True
2998,-342493.2888586345,True
2999,1243234.2523518016,False
3000,168149.65725178763,False
3001,18393.80355501067,False
3002,-261690.85846362467,True
3003,-57694.041046516046,True
3004,-15756.631529068898,True
3005,-367504.593999869,True
3006,-347237.97427644837,True
3007,345171.40167763433,False
3008,-455439.2993385401,True
3009,-269594.58476507285,True
3010,7483.216990016196,False
3011,-161665.60150740907,True
3012,-56434.08563784978,True
3013,-152063.71635155755,True
3014,214453.04536280409,False
3015,191814.64912257847,False
3016,86227.61026070072,False
3017,-170882.30030702858,True
3018,-82871.78098259779,True
3019,244653.75892755287,False
3020,1016682.4259189152,False
3021,192844.56570002137,False
3022,-247767.047293485,True
3023,1208327.3126538838,False
3024,-176783.4701696194,True
3025,767789.2225890137,False
3026,-392828.6727587712,True
3027,-365820.3612594997,True
3028,-241999.31708117737,True
3029,821309.1913165288,False
3030,-455345.3272255445,True
3031,-172150.90514817095,True
3032,-2880.4634617849542,True
3033,6774.039032946166,False
3034,-208846.60039615148,True
3035,338729.736527378,False
3036,-374029.4381970767,True
3037,-314621.34032384015,True
3038,51083.84081896432,False
3039,99486.31016920005,False
3040,-429105.05119902163,True
3041,90380.72414119403,False
3042,2209.2822775073096,False
3043,1348805.6844437688,False
3044,658577.3424865956,False
3045,-349450.45404100936,True
3046,-299506.6280609485,True
3047,-293060.16343885177,True
3048,-353537.4214655464,True
3049,548846.0398212057,False
3050,-208901.53551693045,True
3051,-298837.7164598942,True
3052,-357140.85224527575,True
3053,-300506.5040937325,True
3054,-241072.6123556211,True
3055,-267562.7251381762,True
3056,-416782.4557230001,True
3057,2670462.100563539,False
3058,-124754.08212461433,True
3059,-379861.5321320893,True
3060,528472.7690351517,False
3061,-217862.0453115283,True
3062,-366944.1472473375,True
3063,-211805.11182301474,True
3064,-456232.81133549765,True
3065,-339775.6264029066,True
3066,-365752.2745864394,True
3067,-364264.769860875,True
3068,179365.75114535954,False
3069,-291594.8334603679,True
3070,-194571.1426378456,True
3071,-76388.82928431721,True
3072,274597.29812034813,False
3073,170649.27872208832,False
3074,-179547.2712754051,True
3075,-376141.28708963154,True
3076,-181781.85686280899,True
3077,-177135.6601251665,True
3078,314493.67727758555,False
3079,1542989.303900871,False
3080,-282555.8128124615,True
3081,557566.2762584598,False
3082,86695.26355355282,False
3083,1040565.9217674204,False
3084,72515.50813336686,False
3085,-257263.8849310627,True
3086,588839.8540831921,False
3087,295467.47632561944,False
3088,-246948.00379639497,True
3089,118942.93042666762,False
3090,-173333.3860367521,True
3091,-215937.6143228487,True
3092,-299134.10480321664,True
3093,134987.41917457504,False
3094,-330244.18800424447,True
3095,-368072.40653539717,True
3096,-380943.6006678787,True
3097,9442.803872061753,False
3098,-285660.449024658,True
3099,-317912.91463994945,True
3100,-293263.46196059254,True
3101,-343619.13622500753,True
3102,-298076.5620651275,True
3103,-359328.36359149404,True
3104,-457512.59657202184,True
3105,418041.803004595,False
3106,936746.852693514,False
3107,-369830.40493342426,True
3108,-439069.61753176065,True
3109,156656.63335696692,False
3110,181314.88769556172,False
3111,-86219.14473277301,True
3112,-266278.5355508934,True
3113,-343608.8458625098,True
3114,-535362.6898290238,True
3115,-133869.3292474687,True
3116,242217.5195851902,False
3117,1020137.2452297208,False
3118,1528646.7093363777,False
3119,-155400.2438777738,True
3120,-161351.06480025564,True
3121,-220844.51815658898,True
3122,-417315.86398651917,True
3123,-321969.11681932036,True
3124,-253786.89549860073,True
3125,-312543.0084554079,True
3126,347026.9801240631,False
3127,-174288.22911103175,True
3128,-505436.16921976395,True
3129,-425027.7670983899,True
3130,-135314.52498733276,True
3131,-465480.8957302705,True
3132,-212995.44762571686,True
3133,1725288.0069535936,False
3134,-383766.3557529141,True
3135,-379694.0856266439,True
3136,208912.6669804253,False
3137,-137381.80502474608,True
3138,2192478.1633004635,False
3139,-431979.4748654634,True
3140,2306423.1522551733,False
3141,61472.331154011204,False
3142,660962.8233491409,False
3143,-323164.4057276379,True
3144,-89185.14655137496,True
3145,-118696.14787855436,True
3146,-251049.6146439372,True
3147,-141794.26169306732,True
3148,-287289.12681650324,True
3149,-348630.638181197,True
3150,-421331.5150521463,True
3151,-433920.3040098852,True
3152,-51949.23911773031,True
3153,-404694.14279383206,True
3154,3235.65063703605,False
3155,-427638.7061032515,True
3156,381854.4767441529,False
3157,683430.779442913,False
3158,-127729.01431269998,True
3159,150125.64452777617,False
3160,-197134.98885014054,True
3161,328653.4328648747,False
3162,290018.1399430151,False
3163,-331226.4268064981,True
3164,-107960.31554617672,True
3165,-171567.84702463454,True
3166,-187491.8239105493,True
3167,-437768.2901356623,True
3168,854153.9457676042,False
3169,250411.87105200812,False
3170,-450894.0317974628,True
3171,-386812.2596052264,True
3172,534758.8500691177,False
3173,-193809.17429927547,True
3174,40166.208567807356,False
3175,875492.0854224563,False
3176,-418687.4124272191,True
3177,-112816.40676703787,True
3178,-306940.3164725717,True
3179,2596684.6542502395,False
3180,-341872.0727559667,True
3181,-399723.1798816566,True
3182,-204780.26315496492,True
3183,-90161.12987875033,True
3184,-33080.373396365394,True
3185,-417742.686010069,True
3186,627155.0048280096,False
3187,-455463.629434936,True
3188,-391535.69269900594,True
3189,-85007.16450162958,True
3190,363076.00271445524,False
3191,-240237.7986137936,True
3192,-333722.3895324674,True
3193,17470.670442858325,False
3194,-464968.7679923107,True
3195,149383.22066677577,False
3196,-281395.3827112545,True
3197,-209576.49750244076,True
3198,31466.225162902087,False
3199,2408918.5844545066,False
3200,-388905.84297923744,True
3201,-89325.5428361032,True
3202,2968006.361709135,False
3203,-96287.00740257613,True
3204,169478.2891938662,False
3205,-410006.4838000421,True
3206,-229014.31931473152,True
3207,43444.93333331432,False
3208,-406747.16472691775,True
3209,894930.5491195563,False
3210,314851.50939401134,False
3211,1000858.894099638,False
3212,-294873.8597940315,True
3213,355519.3802676449,False
3214,-328851.29527919996,True
3215,-16389.776359345196,True
3216,-214599.3533394007,True
3217,1656251.2096694072,False
3218,-334330.3391436258,True
3219,426890.8252326807,False
3220,126638.26447361875,False
3221,-121396.1521438002,True
3222,2125138.3233407466,False
3223,-216436.02941213385,True
3224,-394621.6252662745,True
3225,-216330.9413000407,True
3226,-408180.0106878058,True
3227,-159204.46887612756,True
3228,190279.21795874808,False
3229,-390311.7802901556,True
3230,-452161.6099084758,True
3231,-217432.02332575488,True
3232,30045.038882785233,False
3233,2840460.4406409,False
3234,729327.6413626012,False
3235,-103197.21160191244,True
3236,-239494.3681320666,True
3237,-269109.30198374094,True
3238,753462.9029168601,False
3239,-114215.51832066823,True
3240,-397384.6336753941,True
3241,-25098.341366773173,True
3242,-75373.34675530055,True
3243,-243983.09861007225,True
3244,-156306.9475174313,True
3245,1532128.0813456886,False
3246,290884.4825264427,False
3247,-438651.0021748297,True
3248,-246401.01352486637,True
3249,-134302.21349884788,True
3250,981487.683244385,False
3251,-121356.48186156203,True
3252,-103775.11500749282,True
3253,2871738.315616094,False
3254,84167.54729383561,False
3255,458645.03492794593,False
3256,2804317.2085254304,False
3257,-86756.95963812793,True
3258,-200450.62886271422,True
3259,-102047.33821951084,True
3260,987504.6941618985,False
3261,-374328.27244307223,True
3262,689683.3497147541,False
3263,-1434.2350172411761,True
3264,630886.1978609639,False
3265,1082410.91258629,False
3266,-325220.5479376689,True
3267,-154349.30515773353,True
3268,-35506.60436627814,True
3269,-456304.1686451823,True
3270,-137748.9091031338,True
3271,-340337.32657446805,True
3272,13805.191277052458,False
3273,405037.1619747021,False
3274,-258745.32815949686,True
3275,-365167.3130060522,True
3276,-360042.87917223567,True
3277,385450.11091972893,False
3278,430097.04468522285,False
3279,-240601.17807541857,True
3280,-76409.23694310815,True
3281,-111003.28999742007,True
3282,-254601.2495434615,True
3283,-73149.95075574181,True
3284,-407337.4245099859,True
3285,264315.5913544607,False
3286,231474.79703606758,False
3287,231720.12003194663,False
3288,453985.6595456663,False
3289,938776.3295095059,False
3290,480913.0211534418,False
3291,-374714.17500121036,True
3292,-227191.08513031746,True
3293,-365932.91910550575,True
3294,-289243.1451630543,True
3295,-295416.7648258026,True
3296,28148.95080831319,False
3297,-373145.6250466298,True
3298,429054.0169437283,False
3299,-350061.70101348066,True
3300,-192715.99110210466,True
3301,-60005.03578951835,True
3302,988586.7450965587,False
3303,-437215.634744458,True
3304,-196029.67734962035,True
3305,-361777.7007883863,True
3306,12570.77389694256,False
3307,-310549.60874670744,True
3308,389152.72558235284,False
3309,-179236.7188499459,True
3310,-460820.9681947745,True
3311,-358211.59363516234,True
3312,-333220.87857074186,True
3313,100516.60925791103,False
3314,437460.2024334722,False
3315,-73617.59401598641,True
3316,-442947.5986133014,True
3317,-274090.1952412775,True
3318,142833.52693332432,False
3319,1274155.9319484227,False
3320,-207923.13958550766,True
3321,-172799.17492613016,True
3322,-261986.76352640206,True
3323,-42041.12449749958,True
3324,125535.31815427924,False
3325,-426149.0590780008,True
3326,-308412.705059307,True
3327,-292376.3984053629,True
3328,213489.2859939579,False
3329,-35745.95332779586,True
3330,-328464.06945545203,True
3331,-415600.60167692864,True
3332,-450096.8808200793,True
3333,215874.97023190008,False
3334,-448732.36126144096,True
3335,702474.5475846988,False
3336,1120960.3304397995,False
3337,-314267.5040963494,True
3338,276365.0366304412,False
3339,-44192.83193420921,True
3340,-487703.2897793941,True
3341,197572.72751122568,False
3342,-267084.66283375927,True
3343,156834.39497108996,False
3344,-155737.13129141272,True
3345,-399023.63484491286,True
3346,-238667.6923964056,True
3347,2022401.6962561952,False
3348,-324514.8363681341,True
3349,677210.4083216887,False
3350,2537656.266519365,False
3351,-168583.01620110145,True
3352,-198210.56462890442,True
3353,-341674.00588758604,True
3354,-78979.94600171548,True
3355,-392442.00916537194,True
3356,717464.7031211033,False
3357,-12311.762059329378,True
3358,-398812.3706271572,True
3359,1117698.321064824,False
3360,-164211.48401851393,True
3361,-410802.5926009315,True
3362,-139436.5400516498,True
3363,-205196.90472457005,True
3364,-266240.72576972016,True
3365,-98896.5691816725,True
3366,-373135.1705652308,True
3367,-193839.8940497004,True
3368,1904015.9129228734,False
3369,200623.8428650974,False
3370,-101330.32480456817,True
3371,524068.3619017322,False
3372,-381827.0550639672,True
3373,803032.9802754971,False
3374,-319264.6153908144,True
3375,-254896.66166478454,True
3376,-162138.94337676154,True
3377,-125422.05215359289,True
3378,-137156.77131143498,True
3379,-303467.4626100148,True
3380,-260677.71222908716,True
3381,-319504.58897988644,True
3382,-204736.04190532095,True
3383,154829.95439803856,False
3384,848689.1946959364,False
3385,-329956.5883445298,True
3386,1586725.8667704787,False
3387,-412666.0354078075,True
3388,2000.0,False
3389,1626010.011093044,False
3390,-37808.10343669947,True
3391,830559.8632780754,False
3392,-289719.75918089045,True
3393,-342577.6675713774,True
3394,-373093.97184160666,True
3395,73657.68518582363,False
3396,173564.25607251452,False
3397,1237897.995652277,False
3398,2913548.338987705,False
3399,-91087.40302896732,True
3400,-131443.54476116993,True
3401,-311068.36261528207,True
3402,-229762.6495345489,True
3403,-194997.24927628762,True
3404,-170003.34262834582,True
3405,-268128.171363106,True
3406,-124859.1558870837,True
3407,-105650.09016383969,True
3408,303568.41344254476,False
3409,-71118.73608920252,True
3410,-42853.43110928549,True
3411,-477186.2945069197,True
3412,-396531.1704995444,True
3413,-423942.5956979417,True
3414,-147367.123218495,True
3415,-334072.4243964357,True
3416,-127685.41385876501,True
3417,-261768.1224878834,True
3418,1640293.9606765714,False
3419,1621350.2783238213,False
3420,-130466.98840467352,True
3421,428521.9311468164,False
3422,-403877.4313165923,True
3423,-289377.382313566,True
3424,-230228.92831369198,True
3425,-303659.5594453164,True
3426,-109944.13011894643,True
3427,-38105.78743822987,True
3428,1810581.9787258913,False
3429,423796.36598231335,False
3430,-330784.549494967,True
3431,-381412.4249638684,True
3432,53781.98462679529,False
3433,-163106.8596227177,True
3434,555768.740161407,False
3435,277085.990482626,False
3436,-241533.32160582015,True
3437,-54364.6072320605,True
3438,625282.0809469109,False
3439,384635.9165179044,False
3440,164978.70238255366,False
3441,298175.5111469071,False
3442,-369689.91051663685,True
3443,-58388.95384315641,True
3444,421665.12275212485,False
3445,-413613.79981374147,True
3446,-132716.57916609416,True
3447,-312405.350050685,True
3448,61498.79871043593,False
3449,-440095.89800984703,True
3450,-281678.72154087096,True
3451,-229604.00005974728,True
3452,218246.780259575,False
3453,-226762.29715488185,True
3454,713661.8782879541,False
3455,-142782.2700454002,True
3456,-216684.64979001126,True
3457,644119.5043689337,False
3458,-284435.95876095654,True
3459,-233398.71912660368,True
3460,-467009.6668436766,True
3461,-253848.2705211619,True
3462,-187095.59307132105,True
3463,-169683.34748734013,True
3464,349117.1661626493,False
3465,310234.95607978204,False
3466,7214.078525514813,False
3467,-320873.15742270654,True
3468,-156285.75844186384,True
3469,-427006.1793239211,True
3470,1207147.5382939086,False
3471,-114025.34709644361,True
3472,939834.5086044399,False
3473,-215652.38779693496,True
3474,-357854.69619955786,True
3475,-123197.36960049723,True
3476,125747.06825856585,False
3477,-424381.4030362539,True
3478,1054632.4612065097,False
3479,-140535.89163210883,True
3480,-368531.9628126876,True
3481,-470876.77687007736,True
3482,-94099.72991044173,True
3483,-263393.1535979828,True
3484,-232046.8427518174,True
3485,58404.379912885655,False
3486,-202318.8269558124,True
3487,-424068.49290698156,True
3488,-48042.703485497026,True
3489,-340557.52109813766,True
3490,410477.3697876279,False
3491,861631.8151752764,False
3492,-380853.51286977733,True
3493,-419404.8402641437,True
3494,521172.05447581987,False
3495,115269.88542359068,False
3496,150422.78254301246,False
3497,-85117.45274564174,True
3498,-237961.24469696282,True
3499,-196910.93660581423,True
3500,-324844.190914522,True
3501,-358848.63409857574,True
3502,-426541.0106358052,True
3503,-424059.3806661127,True
3504,2854164.2705376376,False
3505,1429009.2361725094,False
3506,-277230.4844402142,True
3507,-159349.19538003101,True
3508,-169253.98993073305,True
3509,-422216.715951252,True
3510,-304843.6649962132,True
3511,1713035.469302477,False
3512,-68720.01591902188,True
3513,1246473.7404717933,False
3514,241617.2390515528,False
3515,-58375.14165887401,True
3516,-5330.956769738177,True
3517,1615719.3642231917,False
3518,-231471.5970380829,True
3519,-458074.2134417068,True
3520,-218376.9228781766,True
3521,-301932.12090763636,True
3522,-233389.39577099422,True
3523,392611.3244251718,False
3524,258481.31840063672,False
3525,-306664.49939432106,True
3526,-400713.2679533572,True
3527,650854.1365684944,False
3528,-303066.63764924975,True
3529,-195550.50858123263,True
3530,-428990.8818816602,True
3531,970179.5939126533,False
3532,-283252.71840800036,True
3533,-371172.9114931832,True
3534,-371983.77365179214,True
3535,-92121.38384031717,True
3536,-363724.60164190514,True
3537,-159093.1566400914,True
3538,1122069.24742276,False
3539,-137014.45594576563,True
3540,-387360.70069169294,True
3541,358741.348863189,False
3542,-174240.47084243078,True
3543,1447080.5805708382,False
3544,1379476.7491333995,False
3545,-331953.79148843134,True
3546,-382036.5788786045,True
3547,-348889.61618580215,True
3548,323478.5757162736,False
3549,31762.838257127638,False
3550,257708.33711283116,False
3551,98663.93429718578,False
3552,1154934.1338011497,False
3553,-414967.4283770187,True
3554,-216470.00252976295,True
3555,-125074.49350275635,True
3556,-409891.7151892974,True
3557,1445487.4010614315,False
3558,1308385.0318762294,False
3559,56790.03019514919,False
3560,-230927.35878233987,True
3561,-245923.95562154552,True
3562,-28457.69862933011,True
3563,-288083.503732351,True
3564,-479206.9432695751,True
3565,1437604.4992430285,False
3566,-204614.33416266486,True
3567,-428016.01346395566,True
3568,-147654.0470933449,True
3569,699176.5417475918,False
3570,-34061.34864258957,True
3571,273678.2845057897,False
3572,-319366.4105692821,True
3573,618417.2386985711,False
3574,-242196.54164787845,True
3575,-362172.2181359021,True
3576,511984.47507893224,False
3577,333042.6342812361,False
3578,-424136.01623150724,True
3579,285179.3683140027,False
3580,829319.5009392386,False
3581,-156173.1721541137,True
3582,819712.9079900222,False
3583,3015400.526076838,False
3584,478365.8383925049,False
3585,-312599.49905713624,True
3586,668447.5147958685,False
3587,-225966.9556650396,True
3588,-35000.556032293796,True
3589,547356.8905472055,False
3590,-105823.9747605532,True
3591,-275083.03131017735,True
3592,-173709.1824789844,True
3593,2768983.0327069713,False
3594,975690.23390507,False
3595,-163571.0689385223,True
3596,-144953.6811903636,True
3597,-197258.0364899093,True
3598,1339906.8573780823,False
3599,-379218.77708866645,True
3600,-275113.0172374928,True
3601,-383574.4217217647,True
3602,699366.4941843323,False
3603,-292921.1602182634,True
3604,-367238.3832296021,True
3605,12774.000750908546,False
3606,342219.1658175653,False
3607,-50327.006771851215,True
3608,969.8432243688662,True
3609,-71180.98301871054,True
3610,-277573.91074202204,True
3611,-43595.11735288089,True
3612,991035.4203796994,False
3613,-107936.99852981395,True
3614,242016.62119968812,False
3615,-430934.98186556395,True
3616,-26350.798383034693,True
3617,-355148.87451105897,True
3618,-279998.7481514152,True
3619,-103293.28085544093,True
3620,249067.18983605868,False
3621,-466675.24286472576,True
3622,-222930.93022054713,True
3623,167616.87386892305,False
3624,13978.902328311236,False
3625,-318220.7617631592,True
3626,-12466.930668732824,True
3627,709690.4662011538,False
3628,10406.25683956917,False
3629,-298376.6901718489,True
3630,-267646.79866051074,True
3631,-357709.07556731603,True
3632,-145742.09928180807,True
3633,954432.7287263009,False
3634,-26040.66211381568,True
3635,-273462.6869035664,True
3636,-65224.77645616737,True
3637,1129700.7568002592,False
3638,-111016.16708620916,True
3639,-110261.42326659313,True
3640,181057.35224396788,False
3641,-61947.31037424726,True
3642,-453133.96796624793,True
3643,-57408.18408731294,True
3644,-415651.8329842646,True
3645,758730.0786071558,False
3646,-404100.82878265047,True
3647,1826216.630364182,False
3648,-38170.47100088332,True
3649,-254021.32116619532,True
3650,379101.0168211092,False
3651,387713.2281721947,False
3652,-304354.2991035118,True
3653,232572.02915793174,False
3654,158604.39584981275,False
3655,-246978.99208365267,True
3656,-76615.3072784189,True
3657,135480.539199794,False
3658,367130.60669520195,False
3659,6361.140004217029,False
3660,-332689.1100114409,True
3661,-342822.79933873354,True
3662,-160234.18320469014,True
3663,855768.1512640701,False
3664,-440214.4643440631,True
3665,-155909.87408456692,True
3666,-124480.19612229678,True
3667,-193188.42039737492,True
3668,-351107.8147456919,True
3669,775428.2322907381,False
3670,-528.5226666564577,True
3671,1688442.8980366394,False
3672,-273330.0114054591,True
3673,-27355.047427444537,True
3674,-374323.8873380403,True
3675,-61377.86785432366,True
3676,-357670.36629029055,True
3677,278362.85815337405,False
3678,-140800.25708336118,True
3679,299604.7243850998,False
3680,-251352.54222810638,True
3681,392228.6224648228,False
3682,148332.99173303804,False
3683,-412470.50689265144,True
3684,-255111.20214451867,True
3685,-368363.81426626176,True
3686,309230.61689804366,False
3687,456916.5767680621,False
3688,206307.3921029941,False
3689,-92975.84882867575,True
3690,-414583.1390341223,True
3691,-341512.5151686575,True
3692,599023.5534355383,False
3693,1083432.660579918,False
3694,-238565.4216644368,True
3695,-391967.6282103374,True
3696,-376166.46830750926,True
3697,-422009.2742746778,True
3698,-291210.54278515687,True
3699,-335810.9624185256,True
3700,701898.824891663,False
3701,-281386.7843711668,True
3702,-327051.3047653171,True
3703,195022.04817029947,False
3704,459098.2474714508,False
3705,141984.42039464702,False
3706,-165511.4161955642,True
3707,45765.39103122283,False
3708,-68590.72552625174,True
3709,2964677.5776037714,False
3710,802920.2734883339,False
3711,1053985.6634628219,False
3712,1428760.538937281,False
3713,-342057.489027568,True
3714,-104498.92569153267,True
3715,40449.73062884676,False
3716,-367375.5511812483,True
3717,-392243.6725670121,True
3718,-126345.13704428409,True
3719,-467284.1611222071,True
3720,1558364.7836750185,False
3721,-59494.1931237995,True
3722,84190.02157158677,False
3723,102256.59127485243,False
3724,-316827.01821070595,True
3725,-131672.4062023848,True
3726,795089.1373658945,False
3727,615609.8735929483,False
3728,-321472.6442420383,True
3729,-279428.5506330417,True
3730,-276323.64512053,True
3731,525977.2443680136,False
3732,-371589.15378506505,True
3733,380124.2398901084,False
3734,-120279.20964429932,True
3735,-234763.8960851895,True
3736,-170074.9758457906,True
3737,-399884.26431669114,True
3738,25236.370075233244,False
3739,997704.5495621626,False
3740,-64247.87666775457,True
3741,1218859.2493108187,False
3742,-292450.62786618987,True
3743,-241218.21475212212,True
3744,-396822.30124095234,True
3745,-438585.72120351286,True
3746,817883.9739638483,False
3747,-79652.27551409132,True
3748,-277380.205626142,True
3749,-330540.7126921203,True
3750,-344442.0285281108,True
3751,4853.327685812742,False
3752,-371800.504282575,True
3753,-304981.00136288826,True
3754,-31337.9566146322,True
3755,939673.639492328,False
3756,-125079.93075951273,True
3757,-373788.7501570123,True
3758,-284103.5718528625,True
3759,-376427.6989663805,True
3760,146359.4729420214,False
3761,-456381.08490012574,True
3762,380207.9997058953,False
3763,-291040.3463446813,True
3764,493178.13917445595,False
3765,-293088.9506365132,True
3766,-213639.2461505403,True
3767,95465.04484895112,False
3768,627063.3947571673,False
3769,-384488.3376148611,True
3770,-322798.8624083062,True
3771,-356458.348324506,True
3772,-188678.9480647628,True
3773,238481.25812918256,False
3774,-348770.26593723963,True
3775,-133367.93222549377,True
3776,-139943.8122744273,True
3777,394292.5376735866,False
3778,522638.1119655542,False
3779,-42499.49171860669,True
3780,-108178.87488030203,True
3781,354441.99085261446,False
3782,-372875.7650365536,True
3783,633671.6934256786,False
3784,1214178.1534280656,False
3785,-107571.43551980179,True
3786,-396227.8833597909,True
3787,-398172.2527261442,True
3788,738764.3762431683,False
3789,-91572.6965699904,True
3790,-128624.20870925533,True
3791,266068.17622431397,False
3792,-284225.588190274,True
3793,-419388.1450412759,True
3794,-418175.0309158017,True
3795,777379.0273024108,False
3796,585297.5176690939,False
3797,-411861.444620219,True
3798,-497144.0345015829,True
3799,-295187.8237491842,True
3800,271133.2589449519,False
3801,-168205.31911530555,True
3802,-213679.85573679165,True
3803,551302.8883371041,False
3804,-286582.42341651185,True
3805,448912.7900530908,False
3806,-373719.16198059946,True
3807,548734.5435965682,False
3808,-186377.75945565943,True
3809,-220110.90652287888,True
3810,-387202.3032569802,True
3811,-359618.85570802825,True
3812,-144522.88833366171,True
3813,-267992.79134435585,True
3814,936692.4799575207,False
3815,304255.3964081329,False
3816,-281851.2072197799,True
3817,449784.96100503113,False
3818,-106927.78160553328,True
3819,-92605.79213317815,True
3820,149623.57819452786,False
3821,-104098.10405864572,True
3822,-290184.4660388764,True
3823,-169059.13221636586,True
3824,-250546.98936315704,True
3825,1214010.518725108,False
3826,-46528.26752999084,True
3827,-417297.71721903683,True
3828,101891.44606384632,False
3829,-422743.57763608923,True
3830,-72954.11150229495,True
3831,-491780.2273702106,True
3832,646303.296498462,False
3833,2000.0,False
3834,-347041.28402540385,True
3835,-398970.4962507061,True
3836,-221485.88660374237,True
3837,-358011.59004799806,True
3838,-17123.33511972534,True
3839,-306346.3367402936,True
3840,2102198.056789924,False
3841,-449754.1102199764,True
3842,-17509.079108858154,True
3843,-271992.8441915333,True
3844,-65412.25592435959,True
3845,-388789.52357396355,True
3846,-131799.31530312382,True
3847,2495124.414690632,False
3848,-211953.92650939553,True
3849,-441180.3819467084,True
3850,-273564.09501824086,True
3851,590180.6107688162,False
3852,-419626.78900153446,True
3853,-263630.2328613372,True
3854,-290779.8921423408,True
3855,-394238.08901257615,True
3856,419881.3606785691,False
3857,-324739.2648445411,True
3858,-314162.94811649935,True
3859,-434334.65444523684,True
3860,-349346.581932443,True
3861,-303509.2307001726,True
3862,-286967.96826823254,True
3863,334230.2213603956,False
3864,-261162.3015343281,True
3865,146468.65019066213,False
3866,-371966.7695738514,True
3867,-103697.27751916207,True
3868,169445.52356494934,False
3869,-428653.74535775295,True
3870,1092673.1051276787,False
3871,-316409.199090246,True
3872,-375588.871592713,True
3873,-224224.24972668197,True
3874,-111707.6874052204,True
3875,-172331.7701210144,True
3876,715106.1659507145,False
3877,-358707.8706590341,True
3878,-13627.592043575314,True
3879,-305826.4871174426,True
3880,85219.71039119625,False
3881,-347183.899369452,True
3882,-432424.4085806418,True
3883,-372698.87772996107,True
3884,-408777.61792080314,True
3885,-358274.10141135444,True
3886,262534.8733417194,False
3887,-333285.1229597317,True
3888,-34134.48562567906,True
3889,-356310.39424433105,True
3890,-401966.9173110149,True
3891,-428445.49724783533,True
3892,205608.64427140763,False
3893,-339406.9509376354,True
3894,-194945.59056895573,True
3895,-286655.4376219964,True
3896,1385893.4589998745,False
3897,-400544.3607574211,True
3898,-204178.6206869601,True
3899,-305865.95123455726,True
3900,-293164.3633765636,True
3901,-399972.1073630485,True
3902,-171743.32534642896,True
3903,89094.33405818978,False
3904,-14954.313919154512,True
3905,-211914.4335274268,True
3906,-318648.26226907235,True
3907,16732.663305988666,False
3908,-450580.62470506295,True
3909,203666.0845845037,False
3910,-266118.1432225652,True
3911,620008.3103383392,False
3912,-243498.20550906868,True
3913,194461.86892957738,False
3914,-281321.88930467836,True
3915,-35891.26953704817,True
3916,2225465.7885390837,False
3917,998935.6012028063,False
3918,-62240.63475839293,True
3919,-86995.28806069076,True
3920,1702042.9036671054,False
3921,-1643.9989616015555,True
3922,-307841.87968553044,True
3923,-130054.99006018469,True
3924,-238273.07296906036,True
3925,-347827.86179825687,True
3926,-137946.36760604367,True
3927,-182379.5395647673,True
3928,-208370.23103567172,True
3929,-421188.46393897483,True
3930,-369308.74313964514,True
3931,213937.96173076596,False
3932,-424085.6112761065,True
3933,-178947.93104021816,True
3934,-226991.3110781018,True
3935,299978.1504272571,False
3936,-109622.33512531583,True
3937,-249715.30003515343,True
3938,-214098.88570439225,True
3939,363889.20287851495,False
3940,314134.904532238,False
3941,2554943.4681243375,False
3942,-202295.57110574906,True
3943,74894.97882777313,False
3944,-330070.35580767086,True
3945,119856.41126794102,False
3946,-146468.29438352757,True
3947,-456390.0116990251,True
3948,-309822.66330398433,True
3949,-3506.7990793922495,True
3950,-397496.96027826716,True
3951,-327083.8904117481,True
3952,-113711.78882233935,True
3953,-360022.77866720635,True
3954,203333.1986923785,False
3955,-11876.786591910994,True
3956,-178663.04595316245,True
3957,1486476.1522362519,False
3958,144510.5242329715,False
3959,-269927.4988573101,True
3960,1480571.9097481903,False
3961,1345304.7774585087,False
3962,-63104.00690155122,True
3963,-395353.3230837156,True
3964,-359016.3289918658,True
3965,297228.36810964014,False
3966,605012.6155071486,False
3967,-428693.2774718646,True
3968,-514732.3292760868,True
3969,2000.0,False
3970,71777.05554580965,False
3971,-28782.214678299344,True
3972,167209.0623156568,False
3973,-264690.1231379372,True
3974,565644.4579016176,False
3975,-443309.08484080946,True
3976,660766.2127967823,False
3977,-111758.61182933,True
3978,47398.85630259977,False
3979,495468.804705867,False
3980,-219682.27812381394,True
3981,-385515.77756807744,True
3982,103932.0397280399,False
3983,-231537.68742824762,True
3984,466441.01511030586,False
3985,-399259.5929414222,True
3986,1708166.2769971678,False
3987,-218471.32180713434,True
3988,-222856.8364242925,True
3989,-377377.3590777458,True
3990,49005.33409626203,False
3991,-292024.7096023912,True
3992,-291741.3648086266,True
3993,1271785.9678531839,False
3994,-319686.6022432756,True
3995,441592.84513813764,False
3996,-26307.372832873745,True
3997,118352.84438357805,False
3998,-506546.6734579554,True
3999,-380606.1836421782,True
4000,1732878.3151099135,False
4001,746727.5145465166,False
4002,-465840.6859402234,True
4003,16857.761829336767,False
4004,1019039.0814646652,False
4005,448685.32590865484,False
4006,-246778.4118347028,True
4007,-352826.93670543615,True
4008,-447867.4201268533,True
4009,-377650.86703525594,True
4010,316650.76168809255,False
4011,-374055.802582424,True
4012,-355432.7877601703,True
4013,53916.039698212844,False
4014,12649.353620256616,False
4015,-391060.02695021336,True
4016,-103857.15002919182,True
4017,-248925.1091242451,True
4018,-59998.313175367024,True
4019,31855.381831719136,False
4020,-161964.3376681354,True
4021,-3214.128365733564,True
4022,-227966.7999762464,True
4023,-329887.1549749753,True
4024,-354709.82845264726,True
4025,-345633.7871519973,True
4026,-47600.184334514546,True
4027,979342.9620275621,False
4028,102805.27677150116,False
4029,-256947.2177688839,True
4030,-433081.40473247546,True
4031,-431283.3796117329,True
4032,-336856.0241505598,True
4033,-75212.78132722015,True
4034,-127849.15664192106,True
4035,-206959.90174395125,True
4036,-388587.6012638654,True
4037,-308369.31057725917,True
4038,-306781.48041892983,True
4039,2238074.435870664,False
4040,189578.14561633053,False
4041,277594.86185815494,False
4042,1402950.6437362256,False
4043,-141897.70581106882,True
4044,-334340.5251428494,True
4045,1048086.9519002731,False
4046,141260.60952141517,False
4047,906289.9072773696,False
4048,-199941.41562325627,True
4049,1136884.5311518116,False
4050,2000.0,False
4051,-276844.75653378636,True
4052,135120.19620339698,False
4053,646960.8783061319,False
4054,-44940.37625738904,True
4055,25878.335173271167,False
4056,-404372.88294023584,True
4057,9804.636537890288,False
4058,703028.4060746063,False
4059,44051.298042402006,False
4060,-336576.47053651366,True
4061,-141658.6264204855,True
4062,-315470.1969979774,True
4063,263554.1157232435,False
4064,427950.3963904355,False
4065,1063561.5682926008,False
4066,-208236.2198810153,True
4067,156506.32303480734,False
4068,-433860.09221589926,True
4069,910230.516774487,False
4070,77235.35429046677,False
4071,-101317.46693234112,True
4072,-361338.89562113927,True
4073,1092690.4828595996,False
4074,-191482.62677800815,True
4075,-265131.561355556,True
4076,1098619.4896601164,False
4077,341714.79274580604,False
4078,-440041.4512614942,True
4079,-360974.8505569557,True
4080,263780.261070214,False
4081,-438518.49489432585,True
4082,-26884.695540504454,True
4083,-336803.4674912042,True
4084,-329353.6692508686,True
4085,-157820.9526293124,True
4086,-310397.61617058824,True
4087,-427764.3163596719,True
4088,-303020.2772536555,True
4089,-363971.58448554337,True
4090,-420986.1879689616,True
4091,-50710.629546779855,True
4092,-159360.63513527688,True
4093,-386788.466366969,True
4094,697554.0124135484,False
4095,138968.7493545887,False
4096,-267716.54722512845,True
4097,-32769.0623501747,True
4098,-297043.0646161556,True
4099,-59500.619564411616,True
4100,241467.90953034806,False
4101,668853.8826968658,False
4102,-173280.9484967456,True
4103,704438.4603489167,False
4104,-419313.2022245691,True
4105,104779.50146499745,False
4106,-355830.0540854483,True
4107,2018.6734254499218,False
4108,72246.21857370068,False
4109,-368804.22954506124,True
4110,-180810.81904364863,True
4111,250031.5930679484,False
4112,-116074.40686767682,True
4113,-7557.514432341986,True
4114,-353455.42444558954,True
4115,-271902.9354305888,True
4116,600119.7482688093,False
4117,-252879.0851597156,True
4118,-77335.55511125264,True
4119,-286060.6485632868,True
4120,-308194.4843886708,True
4121,-465054.26431809267,True
4122,909328.1423652316,False
4123,-229823.7974189972,True
4124,-409217.0944473206,True
4125,2003039.8358169848,False
4126,-289691.98942142655,True
4127,602703.656155661,False
4128,-323105.7088877826,True
4129,276588.9605939063,False
4130,-496766.2194590808,True
4131,-386966.182834642,True
4132,1825483.695349954,False
4133,-38864.01493272515,True
4134,-475863.90074376104,True
4135,-241715.57728613119,True
4136,-371615.92784515774,True
4137,-388747.3097764654,True
4138,1831789.9747106433,False
4139,155976.75760037644,False
4140,-233183.13759355462,True
4141,-253577.62410060965,True
4142,-359592.381802085,True
4143,-380229.9421998651,True
4144,284806.85323231196,False
4145,542737.0973306474,False
4146,-234242.5882907396,True
4147,-297164.91778741457,True
4148,472713.72721980617,False
4149,-284215.9030585532,True
4150,-188700.68009975227,True
4151,-269533.25944610906,True
4152,606656.8772583914,False
4153,-289495.95688981755,True
4154,-258356.35867127535,True
4155,269404.15438172396,False
4156,473161.45515260607,False
4157,-383863.29468182934,True
4158,-224423.748958021,True
4159,76899.22991748597,False
4160,102447.4519713912,False
4161,684108.6514255775,False
4162,207461.071190196,False
4163,-315760.4373823754,True
4164,251903.24298924828,False
4165,-224796.9823940116,True
4166,-204079.41364936868,True
4167,-22101.881367410027,True
4168,436677.78360620415,False
4169,7945.58586368739,False
4170,-340272.75751705247,True
4171,-122656.32625924448,True
4172,-362572.19693405996,True
4173,-137014.15650968018,True
4174,918.7101470863718,True
4175,-160301.46240096568,True
4176,-343723.6233646099,True
4177,-114016.66009870273,True
4178,-7507.214506768754,True
4179,-443426.3314356531,True
4180,-165026.95723061767,True
4181,-301260.00899985107,True
4182,335190.7575408686,False
4183,290423.50568896893,False
4184,-502431.6993687673,True
4185,-258784.91889093327,True
4186,-286737.9265857454,True
4187,-238150.81855295794,True
4188,-378858.0666526318,True
4189,395534.1272623913,False
4190,-190287.48715974292,True
4191,-342970.8682862318,True
4192,-386164.2047859632,True
4193,824527.2124247546,False
4194,126506.69169484418,False
4195,-403581.17735270795,True
4196,-261528.3707613755,True
4197,47024.18797431173,False
4198,574936.858167317,False
4199,-157315.42379924678,True
4200,185591.79029645168,False
4201,-431231.2175913508,True
4202,-208396.44086153575,True
4203,-342352.124785981,True
4204,-265855.59038753575,True
4205,-468273.60893429944,True
4206,-288997.3806265589,True
4207,-254903.07306908455,True
4208,-44153.43488583437,True
4209,-115478.3951613994,True
4210,397278.466420069,False
4211,-104381.32178952808,True
4212,-334624.7931222145,True
4213,921748.4100795597,False
4214,-160020.9346858627,True
4215,-420128.48458154633,True
4216,-401128.47162430827,True
4217,-435357.17774311587,True
4218,-445808.97967637953,True
4219,-445171.09681842546,True
4220,-421069.2793124661,True
4221,-302886.8004842983,True
4222,79765.27860137698,False
4223,-196466.63091724043,True
4224,983781.6974336421,False
4225,55965.19097308783,False
4226,-261670.61999675466,True
4227,-408874.4589392976,True
4228,-434452.27502021013,True
4229,-423637.90002009715,True
4230,535076.7141802945,False
4231,-106764.44870919257,True
4232,1036491.0621030902,False
4233,-64431.84998177992,True
4234,-377515.9772513732,True
4235,267822.66841159353,False
4236,-107257.32318728446,True
4237,750424.2248058137,False
4238,-385270.56237103144,True
4239,-387337.0312776505,True
4240,-377688.3440727322,True
4241,2973502.4121402116,False
4242,-461256.16767762456,True
4243,-452445.15509118873,True
4244,385127.7820105948,False
4245,-229339.91500668463,True
4246,-462089.4954909474,True
4247,-255185.4853406656,True
4248,790317.4384725939,False
4249,1104137.9860140365,False
4250,-194054.696561315,True
4251,-163027.70718474605,True
4252,-432627.578100487,True
4253,-372437.65295555745,True
4254,-312488.9356908282,True
4255,-339897.7247147007,True
4256,-48600.272291096844,True
4257,-411240.5611758319,True
4258,-335584.8026608348,True
4259,1761170.604046002,False
4260,-262184.9310097468,True
4261,-152345.155912443,True
4262,-236391.7420240066,True
4263,2250536.3110515494,False
4264,-278697.89984845225,True
4265,-402942.0037246902,True
4266,-4650.263459147158,True
4267,540063.0758870958,False
4268,596689.8632890246,False
4269,-435993.72512253246,True
4270,-361189.67193361494,True
4271,-50258.21507890339,True
4272,754873.0881368064,False
4273,-84061.44931516958,True
4274,-140237.94151346458,True
4275,-469850.5845635627,True
4276,-369070.75839689455,True
4277,-188393.82506862038,True
4278,152803.86837632116,False
4279,237331.5265583932,False
4280,495529.84872888494,False
4281,-79564.04196031744,True
4282,-277431.1787670358,True
4283,543255.3725831549,False
4284,-352335.8972381889,True
4285,-273346.5251599795,True
4286,-446564.5812772512,True
4287,-70505.03952071095,True
4288,97620.05402210854,False
4289,-286107.0856724591,True
4290,-288413.0108487699,True
4291,360027.372177257,False
4292,-318844.5038726252,True
4293,210303.3719502083,False
4294,-375905.0132988766,True
4295,-152348.68061897164,True
4296,-412191.97442290914,True
4297,-435405.05684974184,True
4298,-163117.41805272514,True
4299,-371958.06853056164,True
4300,-242596.44263300122,True
4301,-100126.70519660976,True
4302,-357583.79193733324,True
4303,-29307.757586867192,True
4304,1211222.0888972282,False
4305,-9194.886002035733,True
4306,2904470.4639967256,False
4307,-74663.06335783961,True
4308,-390748.4140786117,True
4309,-39916.50342411683,True
4310,-38926.89286157404,True
4311,-417019.70550479146,True
4312,-9950.877842666454,True
4313,2630669.208619701,False
4314,1528733.9142431454,False
4315,-275154.95711267006,True
4316,722366.594859588,False
4317,2893491.8580883117,False
4318,829943.631539984,False
4319,-195231.42716236532,True
4320,-91763.48737422726,True
4321,-431002.5100951378,True
4322,875814.5096413101,False
4323,-271752.9046661156,True
4324,-415435.6474463068,True
4325,-282771.0805988078,True
4326,25736.258744366667,False
4327,-165333.30173259,True
4328,-278506.30796975596,True
4329,-227748.43378976424,True
4330,957681.3996427297,False
4331,-238131.83616055184,True
4332,-96077.05997911215,True
4333,-207521.49115467956,True
4334,-335090.31770904874,True
4335,-320285.7847457684,True
4336,203582.57565567177,False
4337,-388060.8902928992,True
4338,-64260.97741866236,True
4339,-215354.20365258554,True
4340,-364348.83382750716,True
4341,-225411.857739246,True
4342,-317167.2530396988,True
4343,37276.90553334708,False
4344,-312429.71739107854,True
4345,345456.5102251857,False
4346,-163655.4626855105,True
4347,-488356.4630095534,True
4348,-134254.31259790523,True
4349,886402.8801638433,False
4350,1592182.9985101232,False
4351,107176.02069760504,False
4352,-306439.54941617284,True
4353,194374.53615819736,False
4354,-163510.7780744766,True
4355,-200453.99193221494,True
4356,-301610.3953523212,True
4357,-93545.27174918585,True
4358,1337627.0104731554,False
4359,-440247.9900360757,True
4360,874705.4956241591,False
4361,-238273.60788170912,True
4362,492179.46354991355,False
4363,-456473.07779292756,True
4364,-109560.21239589741,True
4365,211248.68856482208,False
4366,-292510.53802463075,True
4367,-132662.55553223807,True
4368,-288449.66863577534,True
4369,-83334.74783116038,True
4370,-273822.0896530012,True
4371,-424763.5305463209,True
4372,2256190.035341314,False
4373,43640.37091278285,False
4374,-293233.4060702666,True
4375,-92656.06064544411,True
4376,-333752.81654537586,True
4377,259414.8490768123,False
4378,-53124.751965109004,True
4379,-301762.63015647966,True
4380,-315814.64669453114,True
4381,756994.0458166697,False
4382,-213299.93387577008,True
4383,-69179.02525460199,True
4384,756951.6863724593,False
4385,42236.57676151561,False
4386,-355687.04547694937,True
4387,-497701.9622112902,True
4388,-176407.6442804971,True
4389,-357447.5579925648,True
4390,-342745.1247383244,True
4391,-386596.9933087035,True
4392,709444.9755330562,False
4393,230394.0719603137,False
4394,851668.3524127959,False
4395,396652.16150365246,False
4396,-252101.08503981604,True
4397,-384495.1529990939,True
4398,-368144.14514891355,True
4399,-329165.19410126755,True
4400,-402602.89430246997,True
4401,2909524.232886608,False
4402,216432.89830628774,False
4403,-146893.49235264404,True
4404,-355925.9421556407,True
4405,-96347.50199922876,True
4406,-230196.59221458354,True
4407,-375086.4852067155,True
4408,315870.33859356225,False
4409,-256057.3992169847,True
4410,-176250.24225513128,True
4411,458739.52264929586,False
4412,-111228.26462523994,True
4413,-450387.59471343155,True
4414,207761.17277237814,False
4415,-368349.4151638378,True
4416,-247115.0292002453,True
4417,354170.65742774436,False
4418,-371724.3320809371,True
4419,-80301.03884346501,True
4420,-454507.9106687577,True
4421,-432528.0874561355,True
4422,-206205.17868059938,True
4423,-285927.7908591808,True
4424,-262542.0998842834,True
4425,372741.1098830933,False
4426,-284720.25811368047,True
4427,-50219.46293135025,True
4428,-8956.823474291163,True
4429,-323077.9632903472,True
4430,2957641.6022877824,False
4431,-84688.62888367123,True
4432,639004.2038740857,False
4433,-447853.42816745513,True
4434,-5333.985362802283,True
4435,-442566.96407990536,True
4436,788076.4992027613,False
4437,-344071.4465279249,True
4438,1809692.3169100806,False
4439,-367528.1900176968,True
4440,-117940.8353122947,True
4441,330460.8675715306,False
4442,-162761.11826056882,True
4443,-313344.43705209077,True
4444,830610.9236998816,False
4445,-210907.74511625935,True
4446,119222.99742832484,False
4447,-31010.84631597038,True
4448,-175102.85919358418,True
4449,-348975.09126985754,True
4450,1731739.412765236,False
4451,259998.4173334031,False
4452,284617.2058228291,False
4453,-202368.94302067903,True
4454,457737.88132226904,False
4455,568470.0426682825,False
4456,-368729.91433877,True
4457,1123055.8029414245,False
4458,-299683.61580633663,True
4459,-441525.6610480078,True
4460,312853.7694838088,False
4461,191586.18921256345,False
4462,-279503.72337973875,True
4463,-72242.52119845572,True
4464,278406.60419054114,False
4465,341485.1992479972,False
4466,-161805.83732118807,True
4467,51507.98957206854,False
4468,-66963.17151514562,True
4469,-268957.0809665371,True
4470,-293545.1860781505,True
4471,749320.0750430753,False
4472,202853.51593728902,False
4473,-219264.56308611625,True
4474,1531183.620047858,False
4475,-469085.0013566413,True
4476,153362.2996068704,False
4477,-419998.7729028316,True
4478,49184.49043084343,False
4479,-290407.2762971453,True
4480,-164476.0155611211,True
4481,659343.0155057933,False
4482,-268162.97600597906,True
4483,-401164.68136911414,True
4484,-478917.75873536005,True
4485,14502.263701952677,False
4486,-149373.93059526992,True
4487,221283.88395571528,False
4488,733711.1416529829,False
4489,-229020.1554275391,True
4490,873687.372444498,False
4491,-106560.0473457625,True
4492,-289680.997344136,True
4493,13713.615939951735,False
4494,-253267.28405753197,True
4495,-321587.37576472654,True
4496,-340110.7260727291,True
4497,-384326.1748014511,True
4498,-285828.44444658107,True
4499,-357120.26199439727,True
4500,-270379.8148565799,True
4501,116496.5015384688,False
4502,1851846.8381668467,False
4503,-33563.122682629015,True
4504,-454042.92366393586,True
4505,666119.2774240167,False
4506,1153355.2144437258,False
4507,-304362.73412562103,True
4508,-168567.1153928258,True
4509,-301819.85194998124,True
4510,-192785.1333304467,True
4511,549777.0361310336,False
4512,-335889.09325711237,True
4513,-357227.66361179086,True
4514,210984.71912059843,False
4515,221661.91954675672,False
4516,-374290.62594499317,True
4517,1300788.4693133167,False
4518,-107063.59837285531,True
4519,-297891.887309256,True
4520,-273229.5744093663,True
4521,-308905.436653102,True
4522,-101117.8175041988,True
4523,291080.7486873759,False
4524,107921.04746960169,False
4525,-13227.980156453203,True
4526,-115218.44475146987,True
4527,-175694.7319634815,True
4528,60889.369849377625,False
4529,-417895.76673512877,True
4530,-409571.4553422385,True
4531,-365371.2804249679,True
4532,359837.45804800914,False
4533,2358709.3359449776,False
4534,-251034.38287715928,True
4535,-80196.46000943688,True
4536,-259892.88553869235,True
4537,-437279.9697187309,True
4538,1193328.2192295215,False
4539,-358829.41849814134,True
4540,975147.1180165859,False
4541,-63896.30816921579,True
4542,-128771.34675321732,True
4543,-420275.383618515,True
4544,-67454.47979320546,True
4545,-310709.5252310704,True
4546,523167.01495796174,False
4547,-398166.28650507977,True
4548,-492839.89418974705,True
4549,418718.97423049255,False
4550,55057.598786260074,False
4551,-133424.2870395977,True
4552,-292811.78922627144,True
4553,-61284.69227620524,True
4554,-352479.2881444806,True
4555,-144655.45268477345,True
4556,865681.3533450554,False
4557,-234176.4475695681,True
4558,251007.7030268305,False
4559,421345.8336290785,False
4560,220498.62548711314,False
4561,-445447.174404012,True
4562,21650.44348085978,False
4563,-66309.5336506714,True
4564,-314206.15272974,True
4565,-113432.82938446006,True
4566,-259993.448202512,True
4567,62751.14740820137,False
4568,544123.1953874124,False
4569,-4984.926118507259,True
4570,948558.1455404776,False
4571,-433677.7397352239,True
4572,-336223.6881960714,True
4573,-278247.18073341344,True
4574,-33618.59062346038,True
4575,362209.0685302589,False
4576,-427762.59633253166,True
4577,-71136.77600672988,True
4578,-87827.447715331,True
4579,658915.9606691572,False
4580,-350271.7734197633,True
4581,-340375.92414786277,True
4582,-279989.9832601645,True
4583,713787.2526345653,False
4584,23160.87959697999,False
4585,-274543.9747406357,True
4586,-368329.5172332318,True
4587,-253245.22279181724,True
4588,1502976.2866141314,False
4589,931086.6969762765,False
4590,-18261.219747690287,True
4591,-121408.04359979824,True
4592,-375525.2520086593,True
4593,307283.6015325104,False
4594,-171146.58052729504,True
4595,-440423.4802385516,True
4596,430888.9622608093,False
4597,602694.1965271123,False
4598,-382816.46491249965,True
4599,-367098.9262314483,True
4600,-176161.60174741427,True
4601,-302134.8177409076,True
4602,-403792.3929099142,True
4603,696587.4245082936,False
4604,-288969.9410410763,True
4605,-401059.13367660163,True
4606,-270090.0043436978,True
4607,-96840.40995761676,True
4608,-477449.1153441901,True
4609,-359151.340234604,True
4610,-151000.8909081712,True
4611,-139062.06135858485,True
4612,551488.8373991682,False
4613,270365.90787965956,False
4614,-32317.107448169696,True
4615,-461162.7311490867,True
4616,-76804.81148489052,True
4617,627588.2959675643,False
4618,43286.41746106732,False
4619,1177442.905818634,False
4620,-162183.8407393846,True
4621,-185964.39784952853,True
4622,-124769.66258663166,True
4623,-458778.0565307979,True
4624,-419609.4828731034,True
4625,-492282.46584044816,True
4626,-429712.21930898126,True
4627,95556.7588607951,False
4628,1416237.905441166,False
4629,-205081.25626189567,True
4630,373653.801234294,False
4631,615621.3321397644,False
4632,1617631.7186928238,False
4633,-152419.7487526966,True
4634,-358803.83236721804,True
4635,122258.44540639028,False
4636,-33654.42269281351,True
4637,-295335.1126131932,True
4638,-159304.99830614188,True
4639,267799.87290252914,False
4640,-238841.32129996267,True
4641,1049183.441403822,False
4642,-125303.49847992933,True
4643,67666.70930807808,False
4644,-22220.823360402053,True
4645,-330207.32540758105,True
4646,-411870.7193535481,True
4647,-81885.93085073702,True
4648,201915.6254126513,False
4649,-231150.86464488506,True
4650,-342595.8733350309,True
4651,-407301.0167252546,True
4652,-120838.68009055743,True
4653,294007.2641150804,False
4654,157362.7634514836,False
4655,-369755.7690250168,True
4656,529148.6818328751,False
4657,-352523.38925453636,True
4658,-367895.72218987753,True
4659,367759.3986735395,False
4660,-333650.40651901084,True
4661,-305768.39057393285,True
4662,-310573.041051808,True
4663,1053834.1155099373,False
4664,147376.04142790218,False
4665,-344567.60247904557,True
4666,-209752.27220939446,True
4667,-156688.78245904617,True
4668,-37366.182840247086,True
4669,48623.55112099302,False
4670,-171068.6323627748,True
4671,478385.98778081394,False
4672,-365357.8222292323,True
4673,-464851.48578328034,True
4674,30780.482477123714,False
4675,-343513.39272748836,True
4676,-160185.0885909112,True
4677,915318.4345467263,False
4678,209723.48714340568,False
4679,-324370.13417701493,True
4680,-413136.3152731458,True
4681,1864738.8648214142,False
4682,-352559.2657012481,True
4683,340.7875131213859,True
4684,1106596.5586687543,False
4685,-146444.19040718756,True
4686,-358418.8177876503,True
4687,-292831.5404314971,True
4688,211880.76820805093,False
4689,1295703.2248047434,False
4690,465943.48459537426,False
4691,-390910.24505404296,True
4692,-406318.26969903096,True
4693,-44604.89973946729,True
4694,1316980.8120760352,False
4695,845717.199222141,False
4696,-339741.46924357396,True
4697,-42092.615996983805,True
4698,1263604.8476131386,False
4699,-142182.13541985652,True
4700,2264964.5363179683,False
4701,-441602.38040908007,True
4702,-422222.5820871271,True
4703,-66148.59212647339,True
4704,-487489.75433615025,True
4705,-297904.4014640958,True
4706,183187.37152562913,False
4707,870697.0042670846,False
4708,-327671.56101597915,True
4709,-448587.04749646416,True
4710,209325.93662805855,False
4711,172012.29037342567,False
4712,-85262.10245378554,True
4713,-443646.02273196273,True
4714,-208515.55956626998,True
4715,-49733.7398531982,True
4716,-119502.24756372168,True
4717,-274346.7677151289,True
4718,-177380.1867363313,True
4719,-91839.22184530864,True
4720,1743899.420218329,False
4721,-132186.77858321095,True
4722,228629.14630799028,False
4723,-73382.77146552215,True
4724,1620289.224357738,False
4725,-244281.75907120435,True
4726,107509.56446792581,False
4727,-440410.0444771975,True
4728,-85363.21723943914,True
4729,-257480.7518905994,True
4730,272629.8027319684,False
4731,-352615.95097048825,True
4732,-55985.86489768479,True
4733,-276692.2524728261,True
4734,1130292.1197478503,False
4735,-371840.77057344466,True
4736,-437565.02787066274,True
4737,725632.0328672309,False
4738,129309.06900681123,False
4739,822569.6941142906,False
4740,-49681.25034308605,True
4741,460419.1852860915,False
4742,1298368.151998567,False
4743,833915.1315086132,False
4744,-184934.82152420224,True
4745,-367549.4135103547,True
4746,-239865.38682439708,True
4747,-172989.79590541715,True
4748,1028593.3032939406,False
4749,672485.2319338905,False
4750,-261018.2618765862,True
4751,-460109.0263252085,True
4752,-432017.3679035066,True
4753,-295250.95590526506,True
4754,612405.1277556091,False
4755,231115.09832885707,False
4756,26180.4964072705,False
4757,386853.27971347934,False
4758,-347574.81530626846,True
4759,13397.549601461145,False
4760,-307139.2269399586,True
4761,-134139.00317675405,True
4762,37056.85604434698,False
4763,277771.2887489311,False
4764,-185641.85786022345,True
4765,467128.4478246191,False
4766,-430289.11258076783,True
4767,487882.3534438131,False
4768,-303817.6900326292,True
4769,-279472.12932078296,True
4770,44089.87799708203,False
4771,737034.763528294,False
4772,-361043.10982560006,True
4773,-451304.9806790503,True
4774,-215390.33618660408,True
4775,-312321.9588423007,True
4776,1735314.9884688642,False
4777,-135393.4836561458,True
4778,-387160.3435381741,True
4779,-412476.2086338218,True
4780,-362530.09530235425,True
4781,-442498.63419940765,True
4782,188125.81973311005,False
4783,-307130.95185579243,True
4784,321398.1084168062,False
4785,-123855.36833923454,True
4786,-447523.16111065977,True
4787,263053.98591426306,False
4788,1003358.0856749808,False
4789,1307160.268325771,False
4790,-294877.2839008899,True
4791,-244610.24838293952,True
4792,-345649.3306721875,True
4793,-44703.46695609374,True
4794,1750352.3527786336,False
4795,-257333.38696680212,True
4796,-451058.95478913875,True
4797,1426874.810446932,False
4798,-440293.85364569956,True
4799,-319855.1841646522,True
4800,296792.67963078653,False
4801,-256929.41913992402,True
4802,-134988.61336307775,True
4803,-493468.5336672534,True
4804,-232728.49097535756,True
4805,341838.0466716125,False
4806,260554.44802204505,False
4807,-234398.09321521243,True
4808,-440559.43703369907,True
4809,-250617.10755168073,True
4810,-431598.95980369736,True
4811,648883.8450760966,False
4812,-232393.93853528923,True
4813,835088.905725157,False
4814,1450104.5606692217,False
4815,196098.40331432616,False
4816,1207147.9821545584,False
4817,332619.6248810573,False
4818,-40174.67418817737,True
4819,-54045.32624615852,True
4820,-332910.77769742656,True
4821,-119553.01703357759,True
4822,-291567.8885637415,True
4823,-176068.26411447016,True
4824,-77515.38400443217,True
4825,-55840.30942557049,True
4826,-303652.2331397777,True
4827,428708.0808261752,False
4828,208195.54030522986,False
4829,-129301.72349832926,True
4830,-376760.9868663804,True
4831,-30196.108916272813,True
4832,665265.1474729533,False
4833,529506.7518473236,False
4834,411508.11348473164,False
4835,-175596.54713694978,True
4836,442221.7720906467,False
4837,-486474.81856011075,True
4838,-388711.60087651684,True
4839,389883.37567766244,False
4840,-305298.9283556818,True
4841,-353296.3745783329,True
4842,-75514.89387745144,True
4843,-206347.91037965668,True
4844,1766354.6857033023,False
4845,-40521.564832565906,True
4846,-165353.06334102905,True
4847,-251220.05391072866,True
4848,-440643.46685399936,True
4849,-375427.40548891114,True
4850,19602.100650917186,False
4851,-104886.82419964008,True
4852,401864.31090273784,False
4853,161329.98342707826,False
4854,-438372.9407305366,True
4855,-294382.6164719023,True
4856,460154.3899158162,False
4857,-207271.31135908415,True
4858,-283572.80529821577,True
4859,616128.5036875056,False
4860,-303518.54119102255,True
4861,-463007.0391378197,True
4862,-272786.2949337351,True
4863,-297007.58736016456,True
4864,-106037.92207674608,True
4865,-233736.16371582536,True
4866,553877.7523555404,False
4867,-148907.5357391308,True
4868,-400142.24138040235,True
4869,-229800.338759721,True
4870,175015.3318775268,False
4871,-495836.68766747054,True
4872,-92166.37572636752,True
4873,-233047.13349354305,True
4874,-247155.96314593515,True
4875,-48439.9829713659,True
4876,-300096.00053145643,True
4877,-327431.1247013929,True
4878,-61239.03998720028,True
4879,-339506.41073378926,True
4880,-410541.8858428165,True
4881,-480382.4217887336,True
4882,-39440.9941024121,True
4883,-354940.45946413,True
4884,-350391.74755205115,True
4885,153467.32386112728,False
4886,-217008.14601358175,True
4887,-334218.56124305516,True
4888,-418856.7590768328,True
4889,-131345.56935944522,True
4890,280590.1174424742,False
4891,-437565.3597184184,True
4892,-331984.04454176646,True
4893,-343445.537365712,True
4894,-132775.72354965316,True
4895,-384243.9331371694,True
4896,155386.89172445075,False
4897,439850.3086432725,False
4898,769520.8412185336,False
4899,-157590.62588820935,True
4900,-308025.6412712982,True
4901,676157.5102932716,False
4902,-453508.61190791166,True
4903,243533.76035602865,False
4904,-406344.7916622613,True
4905,477249.54645756766,False
4906,290216.72983366525,False
4907,693271.5651911928,False
4908,2619498.733485639,False
4909,-14308.400512029866,True
4910,1130451.4204999064,False
4911,-51485.21352988799,True
4912,404203.98056399927,False
4913,-456719.8730182122,True
4914,-111843.1034341402,True
4915,286479.1384405358,False
4916,-51105.06045307954,True
4917,-308923.5052316075,True
4918,-44469.51474317649,True
4919,524350.9148888631,False
4920,-353364.76035967167,True
4921,-47390.49311343298,True
4922,59902.390593362536,False
4923,-158862.78256118234,True
4924,-381975.65275045956,True
4925,48536.15315588194,False
4926,726633.3688258423,False
4927,1528.288606757144,True
4928,-458342.0435844404,True
4929,-213871.3493812213,True
4930,-281733.15264106035,True
4931,-50334.06121601689,True
4932,135166.26027707703,False
4933,636591.0465916983,False
4934,-91183.65053601986,True
4935,-443734.4683499219,True
4936,-130890.7779960256,True
4937,538593.1313231047,False
4938,8421.044783923262,False
4939,-240673.3353801323,True
4940,-88068.9005616916,True
4941,720755.0402367262,False
4942,-454170.64953562245,True
4943,90551.67441071325,False
4944,-327699.9519547729,True
4945,-291848.1895709716,True
4946,-428144.86962868966,True
4947,-473554.4811496889,True
4948,219294.10273624567,False
4949,226374.84609287145,False
4950,-66109.73973746054,True
4951,-171031.6573762645,True
4952,91166.6940805893,False
4953,-217849.6801932713,True
4954,-434490.5500376774,True
4955,-451612.45142493537,True
4956,-294210.90848217095,True
4957,-249008.24617018926,True
4958,-280175.8881790752,True
4959,813546.1178030132,False
4960,-335898.45516361226,True
4961,-404022.070638224,True
4962,-362418.30787179916,True
4963,-430646.0462123348,True
4964,589230.1524457047,False
4965,1072219.190906114,False
4966,-173479.51195043768,True
4967,-278481.46510465606,True
4968,-450626.6669888405,True
4969,363708.09240137483,False
4970,-406208.04523803765,True
4971,-235827.5182953259,True
4972,-224188.3314054862,True
4973,1530652.181430095,False
4974,-131531.52484431924,True
4975,-87507.26010033913,True
4976,7092.475696995591,False
4977,67840.21879029236,False
4978,-389169.39459539094,True
4979,-144367.4713560776,True
4980,-366751.2437608667,True
4981,440470.11728576355,False
4982,376268.6370593759,False
4983,-395329.9509072974,True
4984,-426483.48391059454,True
4985,76713.92263336894,False
4986,-406324.09532947105,True
4987,280736.86834229867,False
4988,-451414.99633379024,True
4989,-164687.34868697202,True
4990,285230.3278844309,False
4991,-417779.50483576325,True
4992,329877.05066866975,False
4993,-294506.7996071539,True
4994,-140280.30102685883,True
4995,-390554.660641186,True
4996,701425.8219273213,False
4997,-307675.4599742577,True
4998,276255.6289459987,False
4999,-42780.786780749666,True
